	Fragmented	Missing	Complete_ALL	Complete_Duplciated	Complete_Single
RS-all-SRF-0-8-5-00_bin-105	16.0	51.0	188.0	0.0	188.0
RS-all-SRF-20-180-00_bin-16	21.0	202.0	32.0	0.0	32.0
SPO-all-SRF-0-8-5-00_bin-190	26.0	85.0	144.0	3.0	141.0
IO-all-DCM-0-8-5-00_bin-111	19.0	129.0	107.0	1.0	106.0
IO-all-SRF-20-180-00_bin-43	24.0	164.0	67.0	0.0	67.0
MS-all-SRF-0-8-5-00_bin-318	16.0	128.0	111.0	3.0	108.0
NAO-all-MES-0-8-5-00_bin-73	15.0	12.0	228.0	1.0	227.0
SAO-all-SRF-20-180-00_bin-42	24.0	111.0	120.0	3.0	117.0
SAO-all-DCM-0-8-5-00_bin-182	21.0	187.0	47.0	1.0	46.0
NAO-all-SRF-0-8-5-00_bin-17	27.0	49.0	179.0	1.0	178.0
SPO-SPSG-MIX-0-8-5-00_bin-132	13.0	46.0	196.0	1.0	195.0
IO-all-SRF-5-20-00_bin-60	14.0	235.0	6.0	0.0	6.0
SPO-SPSG-SRF-5-20-00_bin-72	14.0	216.0	25.0	0.0	25.0
SPO-CHIL-DCM-0-8-5-00_bin-39	19.0	180.0	56.0	0.0	56.0
MS-all-DCM-0-8-5-00_bin-224	17.0	54.0	184.0	2.0	182.0
SPO-all-SRF-0-8-5-00_bin-844	4.0	239.0	12.0	1.0	11.0
NPO-all-SRF-180-2000-00_bin-49	14.0	198.0	43.0	0.0	43.0
MS-all-SRF-20-180-00_bin-80	25.0	196.0	34.0	0.0	34.0
MS-all-DCM-20-180-00_bin-84	8.0	235.0	12.0	0.0	12.0
SPO-all-SRF-0-8-5-00_bin-587	3.0	252.0	0.0	0.0	0.0
MS-all-DCM-0-8-5-00_bin-636	21.0	83.0	151.0	1.0	150.0
SPO-all-SRF-5-20-00_bin-108	9.0	46.0	200.0	0.0	200.0
SPO-SPSG-DCM-0-8-5-00_bin-172	15.0	40.0	200.0	0.0	200.0
SPO-SPSG-SRF-20-180-00_bin-127	7.0	245.0	3.0	0.0	3.0
SPO-SPSG-SRF-0-8-5-00_bin-560	17.0	102.0	136.0	0.0	136.0
SPO-PEOD-MES-0-8-5-00_bin-1	5.0	46.0	204.0	0.0	204.0
SPO-all-SRF-0-8-5-00_bin-807	11.0	229.0	15.0	3.0	12.0
RS-all-SRF-20-180-00_bin-21	16.0	217.0	22.0	0.0	22.0
SPO-all-SRF-20-180-00_bin-54	2.0	253.0	0.0	0.0	0.0
SPO-all-SRF-0-8-5-00_bin-148	22.0	124.0	109.0	2.0	107.0
SPO-SPSG-SRF-0-8-5-00_bin-329	30.0	134.0	91.0	7.0	84.0
SAO-all-DCM-0-8-5-00_bin-433	4.0	238.0	13.0	5.0	8.0
SO-all-DCM-0-8-5-00_bin-41	25.0	199.0	31.0	1.0	30.0
SPO-SPSG-SRF-20-180-00_bin-115	34.0	141.0	80.0	4.0	76.0
IO-all-SRF-0-8-5-00_bin-312	12.0	204.0	39.0	1.0	38.0
NAO-all-SRF-0-8-5-00_bin-127	29.0	196.0	30.0	2.0	28.0
SAO-all-SRF-0-8-5-00_bin-59	17.0	73.0	165.0	3.0	162.0
SPO-all-SRF-20-180-00_bin-12	1.0	254.0	0.0	0.0	0.0
NAO-all-SRF-180-2000-00_bin-89	2.0	250.0	3.0	0.0	3.0
SPO-PEOD-SRF-20-180-00_bin-32	28.0	98.0	129.0	2.0	127.0
SPO-all-SRF-20-180-00_bin-78	7.0	241.0	7.0	0.0	7.0
IO-all-SRF-20-180-00_bin-10	5.0	246.0	4.0	0.0	4.0
SPO-all-SRF-5-20-00_bin-120	23.0	129.0	103.0	1.0	102.0
SPO-SPSG-SRF-20-180-00_bin-68	14.0	208.0	33.0	0.0	33.0
NAO-all-MIX-0-8-5-00_bin-192	16.0	184.0	55.0	0.0	55.0
MS-all-SRF-5-20-00_bin-56	22.0	113.0	120.0	4.0	116.0
IO-all-SRF-5-20-00_bin-121	24.0	87.0	144.0	2.0	142.0
SAO-all-DCM-0-8-5-00_bin-207	8.0	217.0	30.0	0.0	30.0
SPO-SPSG-SRF-5-20-00_bin-127	8.0	230.0	17.0	0.0	17.0
NPO-all-DCM-20-180-00_bin-33	18.0	188.0	49.0	1.0	48.0
NAO-all-MIX-180-2000-00_bin-9	8.0	238.0	9.0	0.0	9.0
SAO-all-MES-0-8-5-00_bin-166	2.0	252.0	1.0	0.0	1.0
SPO-SPSG-SRF-20-180-00_bin-188	1.0	254.0	0.0	0.0	0.0
MS-all-DCM-20-180-00_bin-15	17.0	99.0	139.0	1.0	138.0
SPO-SPSG-SRF-180-2000-00_bin-98	0.0	255.0	0.0	0.0	0.0
SAO-all-SRF-0-8-5-00_bin-32	15.0	190.0	50.0	0.0	50.0
MS-all-DCM-0-8-5-00_bin-676	6.0	231.0	18.0	0.0	18.0
NPO-all-SRF-180-2000-00_bin-33	29.0	180.0	46.0	0.0	46.0
SPO-all-SRF-0-8-5-00_bin-93	0.0	255.0	0.0	0.0	0.0
SAO-all-SRF-0-8-5-00_bin-325	23.0	53.0	179.0	6.0	173.0
SPO-PEOD-DCM-0-8-5-00_bin-80	20.0	63.0	172.0	2.0	170.0
NAO-all-SRF-0-8-5-00_bin-120	5.0	230.0	20.0	0.0	20.0
SPO-all-SRF-180-2000-00_bin-112	0.0	255.0	0.0	0.0	0.0
SAO-all-DCM-0-8-5-00_bin-447	0.0	254.0	1.0	0.0	1.0
NAO-all-SRF-20-180-00_bin-40	7.0	239.0	9.0	0.0	9.0
NAO-all-MIX-20-180-00_bin-17	0.0	255.0	0.0	0.0	0.0
NAO-all-MIX-0-8-5-00_bin-204	21.0	115.0	119.0	2.0	117.0
SPO-all-SRF-0-8-5-00_bin-508	22.0	112.0	121.0	0.0	121.0
SPO-SPSG-SRF-180-2000-00_bin-164	17.0	233.0	5.0	0.0	5.0
MS-all-SRF-20-180-00_bin-18	9.0	216.0	30.0	0.0	30.0
MS-all-SRF-0-8-5-00_bin-161	22.0	117.0	116.0	3.0	113.0
SPO-all-SRF-20-180-00_bin-202	22.0	109.0	124.0	1.0	123.0
SPO-SPSG-MIX-0-8-5-00_bin-106	15.0	106.0	134.0	0.0	134.0
IO-all-SRF-180-2000-00_bin-56	4.0	239.0	12.0	0.0	12.0
SPO-SPSG-SRF-180-2000-00_bin-57	0.0	255.0	0.0	0.0	0.0
NAO-all-MIX-0-8-5-00_bin-258	24.0	129.0	102.0	2.0	100.0
SPO-PEOD-SRF-20-180-00_bin-18	3.0	252.0	0.0	0.0	0.0
NAO-all-SRF-180-2000-00_bin-100	1.0	253.0	1.0	0.0	1.0
SPO-all-SRF-0-8-5-00_bin-318	22.0	123.0	110.0	1.0	109.0
SO-all-SRF-0-8-5-00_bin-63	14.0	87.0	154.0	0.0	154.0
SAO-all-SRF-20-180-00_bin-19	12.0	219.0	24.0	0.0	24.0
MS-all-DCM-0-8-5-00_bin-273	19.0	194.0	42.0	0.0	42.0
MS-all-SRF-0-8-5-00_bin-425	24.0	168.0	63.0	1.0	62.0
SPO-all-SRF-180-2000-00_bin-69	25.0	186.0	44.0	0.0	44.0
IO-all-DCM-0-8-5-00_bin-325	23.0	174.0	58.0	0.0	58.0
MS-all-DCM-5-20-00_bin-7	7.0	235.0	13.0	0.0	13.0
SPO-PEOD-SRF-20-180-00_bin-25	0.0	253.0	2.0	0.0	2.0
NAO-all-SRF-180-2000-00_bin-59	3.0	251.0	1.0	0.0	1.0
RS-all-SRF-0-8-5-00_bin-39	15.0	43.0	197.0	0.0	197.0
SAO-all-DCM-180-2000-00_bin-24	16.0	198.0	41.0	2.0	39.0
SPO-all-SRF-180-2000-00_bin-17	12.0	149.0	94.0	0.0	94.0
NAO-all-MIX-0-8-5-00_bin-275	31.0	166.0	58.0	4.0	54.0
SAO-all-SRF-20-180-00_bin-80	2.0	249.0	4.0	0.0	4.0
SAO-all-SRF-0-8-5-00_bin-628	16.0	183.0	56.0	1.0	55.0
NAO-all-MIX-0-8-5-00_bin-238	6.0	246.0	3.0	0.0	3.0
SPO-SPSG-SRF-20-180-00_bin-100	32.0	127.0	96.0	0.0	96.0
IO-all-SRF-0-8-5-00_bin-341	13.0	130.0	112.0	1.0	111.0
SPO-PEOD-SRF-20-180-00_bin-45	5.0	236.0	14.0	0.0	14.0
SPO-all-SRF-20-180-00_bin-173	16.0	163.0	76.0	0.0	76.0
NAO-all-DCM-20-180-00_bin-19	0.0	255.0	0.0	0.0	0.0
NAO-all-DCM-0-8-5-00_bin-160	16.0	45.0	194.0	2.0	192.0
NAO-all-MIX-0-8-5-00_bin-279	14.0	146.0	95.0	3.0	92.0
NPO-all-DCM-0-8-5-00_bin-249	27.0	58.0	170.0	1.0	169.0
MS-all-DCM-20-180-00_bin-25	12.0	87.0	156.0	2.0	154.0
SPO-SPSG-SRF-0-8-5-00_bin-296	14.0	215.0	26.0	0.0	26.0
SO-all-DCM-0-8-5-00_bin-34	19.0	183.0	53.0	0.0	53.0
SAO-all-SRF-20-180-00_bin-69	5.0	231.0	19.0	1.0	18.0
SO-all-SRF-5-20-00_bin-55	4.0	250.0	1.0	0.0	1.0
SAO-all-SRF-5-20-00_bin-16	4.0	14.0	237.0	0.0	237.0
IO-all-SRF-20-180-00_bin-66	10.0	229.0	16.0	1.0	15.0
SPO-all-SRF-180-2000-00_bin-68	13.0	213.0	29.0	1.0	28.0
SPO-all-SRF-20-180-00_bin-225	13.0	196.0	46.0	0.0	46.0
NAO-all-SRF-0-8-5-00_bin-550	16.0	96.0	143.0	4.0	139.0
MS-all-DCM-5-20-00_bin-24	2.0	249.0	4.0	0.0	4.0
SPO-all-SRF-20-180-00_bin-167	3.0	243.0	9.0	0.0	9.0
SPO-SPSG-SRF-0-8-5-00_bin-234	23.0	83.0	149.0	2.0	147.0
MS-all-DCM-0-8-5-00_bin-290	4.0	238.0	13.0	0.0	13.0
MS-all-SRF-0-8-5-00_bin-93	15.0	54.0	186.0	0.0	186.0
SPO-SPSG-SRF-20-180-00_bin-129	6.0	246.0	3.0	0.0	3.0
SPO-all-SRF-20-180-00_bin-172	25.0	128.0	102.0	1.0	101.0
MS-all-SRF-0-8-5-00_bin-310	13.0	135.0	107.0	6.0	101.0
MS-all-DCM-180-2000-00_bin-18	13.0	208.0	34.0	0.0	34.0
SPO-CHIL-MES-0-8-5-00_bin-26	6.0	215.0	34.0	0.0	34.0
NAO-all-MES-0-8-5-00_bin-372	7.0	6.0	242.0	0.0	242.0
NAO-all-MIX-20-180-00_bin-37	0.0	255.0	0.0	0.0	0.0
NPO-all-DCM-0-8-5-00_bin-38	15.0	227.0	13.0	0.0	13.0
SAO-all-DCM-180-2000-00_bin-10	17.0	195.0	43.0	3.0	40.0
SPO-all-SRF-20-180-00_bin-105	2.0	248.0	5.0	0.0	5.0
MS-all-SRF-5-20-00_bin-93	25.0	85.0	145.0	1.0	144.0
MS-all-DCM-0-8-5-00_bin-322	20.0	149.0	86.0	1.0	85.0
NPO-all-SRF-0-8-5-00_bin-284	25.0	47.0	183.0	3.0	180.0
SAO-all-SRF-20-180-00_bin-2	3.0	244.0	8.0	0.0	8.0
MS-all-DCM-20-180-00_bin-41	27.0	126.0	102.0	1.0	101.0
RS-all-SRF-20-180-00_bin-20	19.0	190.0	46.0	0.0	46.0
SAO-all-DCM-0-8-5-00_bin-440	9.0	238.0	8.0	0.0	8.0
SPO-all-SRF-0-8-5-00_bin-838	12.0	239.0	4.0	0.0	4.0
IO-all-DCM-0-8-5-00_bin-323	15.0	23.0	217.0	0.0	217.0
NPO-all-DCM-20-180-00_bin-38	13.0	227.0	15.0	0.0	15.0
NAO-all-MIX-0-8-5-00_bin-144	14.0	113.0	128.0	1.0	127.0
SPO-CHIL-SRF-0-8-5-00_bin-122	23.0	61.0	171.0	0.0	171.0
NAO-all-SRF-0-8-5-00_bin-253	21.0	72.0	162.0	2.0	160.0
SAO-all-SRF-0-8-5-00_bin-34	18.0	84.0	153.0	4.0	149.0
NPO-all-DCM-20-180-00_bin-29	15.0	199.0	41.0	0.0	41.0
SPO-SPSG-SRF-20-180-00_bin-62	9.0	60.0	186.0	0.0	186.0
SPO-all-SRF-20-180-00_bin-52	4.0	246.0	5.0	0.0	5.0
SPO-all-DCM-0-8-5-00_bin-275	14.0	43.0	198.0	1.0	197.0
NPO-all-SRF-0-8-5-00_bin-209	50.0	159.0	46.0	2.0	44.0
SAO-all-DCM-0-8-5-00_bin-540	25.0	66.0	164.0	2.0	162.0
SAO-all-SRF-0-8-5-00_bin-559	17.0	185.0	53.0	0.0	53.0
MS-all-SRF-20-180-00_bin-27	19.0	82.0	154.0	2.0	152.0
SAO-all-DCM-20-180-00_bin-13	6.0	234.0	15.0	0.0	15.0
IO-all-SRF-20-180-00_bin-97	26.0	189.0	40.0	0.0	40.0
NPO-all-SRF-0-8-5-00_bin-646	21.0	143.0	91.0	2.0	89.0
SPO-all-SRF-5-20-00_bin-113	0.0	255.0	0.0	0.0	0.0
SPO-SPSG-SRF-20-180-00_bin-65	0.0	255.0	0.0	0.0	0.0
IO-all-SRF-0-8-5-00_bin-100	12.0	219.0	24.0	0.0	24.0
NAO-all-SRF-180-2000-00_bin-81	19.0	203.0	33.0	0.0	33.0
IO-all-DCM-0-8-5-00_bin-36	10.0	212.0	33.0	1.0	32.0
SPO-PEOD-DCM-180-2000-00_bin-9	1.0	253.0	1.0	0.0	1.0
SAO-all-MES-0-8-5-00_bin-71	13.0	22.0	220.0	0.0	220.0
NAO-all-MIX-180-2000-00_bin-12	4.0	240.0	11.0	0.0	11.0
NAO-all-DCM-20-180-00_bin-1	9.0	237.0	9.0	0.0	9.0
SPO-CHIL-SRF-20-180-00_bin-16	19.0	162.0	74.0	3.0	71.0
SPO-SPSG-SRF-180-2000-00_bin-16	1.0	253.0	1.0	0.0	1.0
SPO-all-SRF-20-180-00_bin-151	4.0	245.0	6.0	0.0	6.0
SAO-all-DCM-0-8-5-00_bin-481	10.0	67.0	178.0	4.0	174.0
SO-all-SRF-5-20-00_bin-34	0.0	254.0	1.0	0.0	1.0
SAO-all-DCM-0-8-5-00_bin-245	25.0	101.0	129.0	0.0	129.0
SPO-all-SRF-20-180-00_bin-23	16.0	154.0	85.0	1.0	84.0
MS-all-DCM-0-8-5-00_bin-442	14.0	183.0	58.0	0.0	58.0
SPO-all-SRF-20-180-00_bin-120	42.0	131.0	82.0	1.0	81.0
IO-all-SRF-0-8-5-00_bin-484	13.0	208.0	34.0	1.0	33.0
SPO-SPSG-SRF-20-180-00_bin-182	2.0	247.0	6.0	0.0	6.0
NAO-all-SRF-0-8-5-00_bin-316	16.0	74.0	165.0	4.0	161.0
SPO-all-DCM-0-8-5-00_bin-575	3.0	4.0	248.0	0.0	248.0
SPO-all-SRF-20-180-00_bin-40	29.0	184.0	42.0	2.0	40.0
SAO-all-DCM-0-8-5-00_bin-517	19.0	91.0	145.0	1.0	144.0
IO-all-SRF-0-8-5-00_bin-251	30.0	188.0	37.0	1.0	36.0
SO-all-DCM-0-8-5-00_bin-36	17.0	124.0	114.0	0.0	114.0
SPO-SPSG-SRF-20-180-00_bin-113	20.0	113.0	122.0	1.0	121.0
SAO-all-SRF-0-8-5-00_bin-75	19.0	205.0	31.0	0.0	31.0
NPO-all-SRF-20-180-00_bin-73	18.0	72.0	165.0	0.0	165.0
SAO-all-DCM-0-8-5-00_bin-539	23.0	80.0	152.0	0.0	152.0
IO-all-SRF-0-8-5-00_bin-34	21.0	182.0	52.0	2.0	50.0
NAO-all-SRF-180-2000-00_bin-24	17.0	102.0	136.0	2.0	134.0
NPO-all-SRF-0-8-5-00_bin-450	13.0	211.0	31.0	0.0	31.0
NPO-all-DCM-5-20-00_bin-42	26.0	70.0	159.0	0.0	159.0
SAO-all-SRF-0-8-5-00_bin-333	19.0	75.0	161.0	0.0	161.0
SPO-SPSG-DCM-0-8-5-00_bin-224	3.0	5.0	247.0	0.0	247.0
NAO-all-MIX-20-180-00_bin-20	19.0	185.0	51.0	0.0	51.0
SAO-all-DCM-0-8-5-00_bin-218	16.0	95.0	144.0	2.0	142.0
SAO-all-SRF-0-8-5-00_bin-484	20.0	47.0	188.0	2.0	186.0
NPO-all-DCM-20-180-00_bin-34	21.0	182.0	52.0	1.0	51.0
SPO-SPSG-SRF-20-180-00_bin-130	0.0	255.0	0.0	0.0	0.0
SPO-SPSG-SRF-20-180-00_bin-71	17.0	78.0	160.0	3.0	157.0
NAO-all-DCM-20-180-00_bin-2	15.0	166.0	74.0	2.0	72.0
IO-all-DCM-20-180-00_bin-105	13.0	200.0	42.0	0.0	42.0
NAO-all-MIX-20-180-00_bin-35	21.0	137.0	97.0	0.0	97.0
IO-all-DCM-0-8-5-00_bin-147	21.0	201.0	33.0	1.0	32.0
RS-all-SRF-0-8-5-00_bin-83	19.0	83.0	153.0	0.0	153.0
IO-all-DCM-0-8-5-00_bin-344	15.0	51.0	189.0	2.0	187.0
MS-all-DCM-0-8-5-00_bin-318	15.0	160.0	80.0	1.0	79.0
NAO-all-SRF-0-8-5-00_bin-231	21.0	85.0	149.0	1.0	148.0
SPO-SPSG-SRF-0-8-5-00_bin-673	14.0	36.0	205.0	0.0	205.0
SO-all-SRF-0-8-5-00_bin-110	19.0	70.0	166.0	0.0	166.0
SPO-all-DCM-0-8-5-00_bin-206	1.0	248.0	6.0	0.0	6.0
SPO-PEOD-SRF-20-180-00_bin-12	23.0	168.0	64.0	1.0	63.0
SPO-all-SRF-0-8-5-00_bin-460	19.0	56.0	180.0	1.0	179.0
SPO-SPSG-SRF-0-8-5-00_bin-207	28.0	82.0	145.0	0.0	145.0
NPO-all-SRF-20-180-00_bin-78	11.0	223.0	21.0	1.0	20.0
NAO-all-SRF-20-180-00_bin-85	9.0	242.0	4.0	0.0	4.0
RS-all-SRF-20-180-00_bin-1	9.0	218.0	28.0	0.0	28.0
NAO-all-MES-0-8-5-00_bin-290	19.0	196.0	40.0	0.0	40.0
MS-all-DCM-0-8-5-00_bin-612	20.0	189.0	46.0	0.0	46.0
NPO-all-SRF-0-8-5-00_bin-146	33.0	98.0	124.0	1.0	123.0
NAO-all-SRF-180-2000-00_bin-94	4.0	248.0	3.0	0.0	3.0
SPO-all-SRF-0-8-5-00_bin-505	14.0	165.0	76.0	0.0	76.0
SPO-SPSG-SRF-0-8-5-00_bin-82	16.0	89.0	150.0	1.0	149.0
NPO-all-SRF-20-180-00_bin-86	28.0	102.0	125.0	2.0	123.0
RS-all-SRF-20-180-00_bin-10	21.0	183.0	51.0	1.0	50.0
SPO-SPSG-SRF-0-8-5-00_bin-672	20.0	187.0	48.0	0.0	48.0
MS-all-SRF-20-180-00_bin-81	31.0	210.0	14.0	0.0	14.0
SPO-all-SRF-0-8-5-00_bin-986	22.0	46.0	187.0	0.0	187.0
IO-all-DCM-20-180-00_bin-84	26.0	36.0	193.0	1.0	192.0
IO-all-SRF-180-2000-00_bin-58	37.0	142.0	76.0	0.0	76.0
IO-all-SRF-5-20-00_bin-101	2.0	250.0	3.0	0.0	3.0
SPO-all-SRF-0-8-5-00_bin-496	11.0	230.0	14.0	0.0	14.0
SPO-all-SRF-20-180-00_bin-160	13.0	232.0	10.0	0.0	10.0
NAO-all-SRF-20-180-00_bin-67	12.0	233.0	10.0	0.0	10.0
MS-all-SRF-20-180-00_bin-58	20.0	114.0	121.0	2.0	119.0
SPO-all-SRF-5-20-00_bin-223	1.0	254.0	0.0	0.0	0.0
MS-all-SRF-0-8-5-00_bin-677	23.0	207.0	25.0	2.0	23.0
NAO-all-SRF-0-8-5-00_bin-662	17.0	49.0	189.0	2.0	187.0
NAO-all-MIX-0-8-5-00_bin-130	3.0	250.0	2.0	0.0	2.0
NPO-all-DCM-20-180-00_bin-60	26.0	152.0	77.0	0.0	77.0
NAO-all-DCM-5-20-00_bin-6	16.0	164.0	75.0	1.0	74.0
NPO-all-SRF-0-8-5-00_bin-575	26.0	144.0	85.0	11.0	74.0
NAO-all-MIX-20-180-00_bin-28	37.0	142.0	76.0	3.0	73.0
SPO-all-SRF-0-8-5-00_bin-226	25.0	72.0	158.0	9.0	149.0
MS-all-SRF-180-2000-00_bin-53	2.0	247.0	6.0	0.0	6.0
SAO-all-SRF-20-180-00_bin-53	12.0	218.0	25.0	0.0	25.0
MS-all-SRF-20-180-00_bin-70	25.0	153.0	77.0	1.0	76.0
NAO-all-MIX-0-8-5-00_bin-161	16.0	35.0	204.0	0.0	204.0
MS-all-SRF-0-8-5-00_bin-172	22.0	118.0	115.0	2.0	113.0
SAO-all-DCM-0-8-5-00_bin-191	6.0	199.0	50.0	0.0	50.0
SAO-all-SRF-0-8-5-00_bin-611	15.0	183.0	57.0	0.0	57.0
NAO-all-DCM-0-8-5-00_bin-171	18.0	75.0	162.0	2.0	160.0
NAO-all-MIX-20-180-00_bin-13	19.0	133.0	103.0	0.0	103.0
IO-all-SRF-0-8-5-00_bin-250	9.0	46.0	200.0	1.0	199.0
MS-all-DCM-20-180-00_bin-3	13.0	218.0	24.0	0.0	24.0
IO-all-SRF-20-180-00_bin-23	4.0	249.0	2.0	0.0	2.0
SPO-CHIL-SRF-20-180-00_bin-8	10.0	212.0	33.0	0.0	33.0
MS-all-SRF-0-8-5-00_bin-198	21.0	65.0	169.0	7.0	162.0
SAO-all-SRF-180-2000-00_bin-9	11.0	226.0	18.0	0.0	18.0
NAO-all-SRF-180-2000-00_bin-22	16.0	225.0	14.0	0.0	14.0
SPO-SPSG-SRF-5-20-00_bin-80	12.0	214.0	29.0	1.0	28.0
NPO-all-SRF-0-8-5-00_bin-407	14.0	31.0	210.0	0.0	210.0
SAO-all-SRF-180-2000-00_bin-47	19.0	206.0	30.0	0.0	30.0
NAO-all-SRF-5-20-00_bin-31	17.0	212.0	26.0	0.0	26.0
SAO-all-SRF-180-2000-00_bin-31	39.0	168.0	48.0	0.0	48.0
NAO-all-SRF-0-8-5-00_bin-23	17.0	162.0	76.0	2.0	74.0
SPO-all-SRF-20-180-00_bin-86	5.0	249.0	1.0	0.0	1.0
SAO-all-SRF-20-180-00_bin-78	17.0	176.0	62.0	0.0	62.0
NAO-all-SRF-0-8-5-00_bin-300	25.0	164.0	66.0	3.0	63.0
SPO-all-SRF-20-180-00_bin-158	9.0	235.0	11.0	0.0	11.0
NPO-all-DCM-20-180-00_bin-26	14.0	207.0	34.0	0.0	34.0
NAO-all-SRF-20-180-00_bin-15	16.0	206.0	33.0	1.0	32.0
SAO-all-DCM-0-8-5-00_bin-37	6.0	238.0	11.0	7.0	4.0
NAO-all-SRF-20-180-00_bin-41	1.0	251.0	3.0	0.0	3.0
SO-all-DCM-0-8-5-00_bin-52	20.0	145.0	90.0	0.0	90.0
SPO-all-SRF-0-8-5-00_bin-880	31.0	118.0	106.0	5.0	101.0
NAO-all-DCM-20-180-00_bin-20	6.0	229.0	20.0	0.0	20.0
SPO-all-SRF-20-180-00_bin-21	8.0	229.0	18.0	0.0	18.0
IO-all-SRF-5-20-00_bin-71	35.0	90.0	130.0	24.0	106.0
SPO-SPSG-SRF-180-2000-00_bin-69	0.0	255.0	0.0	0.0	0.0
SAO-all-DCM-0-8-5-00_bin-253	7.0	175.0	73.0	0.0	73.0
SAO-all-DCM-0-8-5-00_bin-271	25.0	110.0	120.0	0.0	120.0
NPO-all-SRF-0-8-5-00_bin-455	32.0	73.0	150.0	34.0	116.0
NAO-all-SRF-180-2000-00_bin-57	0.0	253.0	2.0	1.0	1.0
SPO-all-SRF-20-180-00_bin-268	7.0	241.0	7.0	0.0	7.0
RS-all-DCM-0-8-5-00_bin-46	16.0	113.0	126.0	0.0	126.0
SAO-all-DCM-20-180-00_bin-16	14.0	206.0	35.0	0.0	35.0
MS-all-DCM-180-2000-00_bin-14	3.0	250.0	2.0	0.0	2.0
NPO-all-DCM-20-180-00_bin-2	0.0	255.0	0.0	0.0	0.0
SAO-all-SRF-20-180-00_bin-21	6.0	241.0	8.0	0.0	8.0
SPO-PEOD-DCM-180-2000-00_bin-7	0.0	255.0	0.0	0.0	0.0
MS-all-DCM-5-20-00_bin-19	21.0	117.0	117.0	2.0	115.0
IO-all-SRF-0-8-5-00_bin-290	22.0	111.0	122.0	1.0	121.0
SAO-all-SRF-5-20-00_bin-29	0.0	254.0	1.0	0.0	1.0
SPO-all-SRF-5-20-00_bin-182	24.0	186.0	45.0	1.0	44.0
MS-all-SRF-0-8-5-00_bin-580	19.0	211.0	25.0	0.0	25.0
IO-all-SRF-0-8-5-00_bin-548	22.0	63.0	170.0	2.0	168.0
NPO-all-DCM-20-180-00_bin-13	3.0	249.0	3.0	0.0	3.0
SPO-SPSG-SRF-0-8-5-00_bin-374	22.0	191.0	42.0	0.0	42.0
IO-all-SRF-0-8-5-00_bin-210	13.0	227.0	15.0	0.0	15.0
NPO-all-DCM-0-8-5-00_bin-211	24.0	136.0	95.0	0.0	95.0
MS-all-SRF-20-180-00_bin-6	24.0	174.0	57.0	1.0	56.0
IO-all-SRF-0-8-5-00_bin-302	11.0	234.0	10.0	0.0	10.0
SPO-all-SRF-0-8-5-00_bin-305	8.0	230.0	17.0	0.0	17.0
IO-all-SRF-0-8-5-00_bin-141	31.0	81.0	143.0	10.0	133.0
SAO-all-DCM-0-8-5-00_bin-418	25.0	141.0	89.0	2.0	87.0
IO-all-FSW-0-8-5-00_bin-66	13.0	169.0	73.0	0.0	73.0
SPO-all-SRF-5-20-00_bin-1	15.0	189.0	51.0	0.0	51.0
IO-all-SRF-0-8-5-00_bin-21	13.0	118.0	124.0	0.0	124.0
SAO-all-SRF-0-8-5-00_bin-42	11.0	201.0	43.0	0.0	43.0
SPO-SPSG-SRF-20-180-00_bin-94	4.0	248.0	3.0	0.0	3.0
MS-all-SRF-20-180-00_bin-44	21.0	122.0	112.0	2.0	110.0
SO-all-DCM-180-2000-00_bin-1	1.0	252.0	2.0	0.0	2.0
SAO-all-MES-0-8-5-00_bin-141	0.0	255.0	0.0	0.0	0.0
NAO-all-SRF-20-180-00_bin-82	10.0	215.0	30.0	0.0	30.0
NAO-all-SRF-5-20-00_bin-3	20.0	141.0	94.0	1.0	93.0
MS-all-DCM-0-8-5-00_bin-10	21.0	205.0	29.0	2.0	27.0
IO-all-SRF-0-8-5-00_bin-504	19.0	203.0	33.0	1.0	32.0
MS-all-SRF-0-8-5-00_bin-405	13.0	74.0	168.0	69.0	99.0
IO-all-SRF-20-180-00_bin-79	5.0	246.0	4.0	0.0	4.0
NPO-all-SRF-20-180-00_bin-72	35.0	129.0	91.0	1.0	90.0
NPO-all-DCM-0-8-5-00_bin-310	19.0	105.0	131.0	0.0	131.0
RS-all-SRF-0-8-5-00_bin-17	19.0	52.0	184.0	1.0	183.0
IO-all-SRF-0-8-5-00_bin-336	23.0	185.0	47.0	1.0	46.0
IO-all-SRF-20-180-00_bin-36	21.0	72.0	162.0	2.0	160.0
SPO-PEOD-SRF-0-8-5-00_bin-91	13.0	32.0	210.0	0.0	210.0
IO-all-DCM-0-8-5-00_bin-120	13.0	64.0	178.0	1.0	177.0
NPO-all-SRF-180-2000-00_bin-22	0.0	255.0	0.0	0.0	0.0
NPO-all-SRF-0-8-5-00_bin-556	17.0	88.0	150.0	1.0	149.0
MS-all-SRF-180-2000-00_bin-26	1.0	251.0	3.0	0.0	3.0
IO-all-SRF-0-8-5-00_bin-348	20.0	51.0	184.0	9.0	175.0
SPO-all-DCM-180-2000-00_bin-31	0.0	254.0	1.0	0.0	1.0
NPO-all-SRF-180-2000-00_bin-25	29.0	168.0	58.0	0.0	58.0
SPO-SPSG-SRF-180-2000-00_bin-35	1.0	253.0	1.0	0.0	1.0
SPO-all-SRF-0-8-5-00_bin-775	37.0	103.0	115.0	1.0	114.0
SPO-all-SRF-20-180-00_bin-171	19.0	202.0	34.0	0.0	34.0
MS-all-SRF-0-8-5-00_bin-630	7.0	246.0	2.0	0.0	2.0
SPO-SPSG-SRF-20-180-00_bin-52	8.0	234.0	13.0	0.0	13.0
NAO-all-SRF-20-180-00_bin-42	35.0	62.0	158.0	2.0	156.0
MS-all-DCM-0-8-5-00_bin-320	21.0	93.0	141.0	0.0	141.0
NAO-all-MIX-0-8-5-00_bin-168	23.0	157.0	75.0	0.0	75.0
SAO-all-SRF-0-8-5-00_bin-538	21.0	67.0	167.0	2.0	165.0
NAO-all-SRF-0-8-5-00_bin-419	15.0	188.0	52.0	1.0	51.0
SPO-SPSG-SRF-180-2000-00_bin-10	44.0	139.0	72.0	1.0	71.0
SO-all-SRF-0-8-5-00_bin-4	15.0	206.0	34.0	1.0	33.0
NPO-all-SRF-0-8-5-00_bin-490	24.0	111.0	120.0	4.0	116.0
RS-all-SRF-20-180-00_bin-29	2.0	250.0	3.0	0.0	3.0
SPO-all-SRF-0-8-5-00_bin-1039	2.0	253.0	0.0	0.0	0.0
SPO-SPSG-DCM-0-8-5-00_bin-173	20.0	64.0	171.0	0.0	171.0
MS-all-SRF-0-8-5-00_bin-542	18.0	76.0	161.0	1.0	160.0
IO-all-DCM-20-180-00_bin-62	25.0	168.0	62.0	1.0	61.0
SPO-all-SRF-20-180-00_bin-188	16.0	185.0	54.0	1.0	53.0
SPO-PEOD-DCM-20-180-00_bin-9	8.0	229.0	18.0	0.0	18.0
IO-all-SRF-20-180-00_bin-38	4.0	248.0	3.0	0.0	3.0
RS-all-SRF-0-8-5-00_bin-32	8.0	216.0	31.0	0.0	31.0
IO-all-SRF-180-2000-00_bin-30	34.0	151.0	70.0	0.0	70.0
NPO-all-SRF-180-2000-00_bin-24	7.0	239.0	9.0	0.0	9.0
NAO-all-DCM-0-8-5-00_bin-110	18.0	55.0	182.0	0.0	182.0
NPO-all-DCM-20-180-00_bin-73	27.0	173.0	55.0	1.0	54.0
SAO-all-SRF-20-180-00_bin-36	31.0	128.0	96.0	1.0	95.0
SAO-all-DCM-20-180-00_bin-11	36.0	112.0	107.0	2.0	105.0
SPO-all-SRF-20-180-00_bin-132	3.0	252.0	0.0	0.0	0.0
SPO-all-SRF-5-20-00_bin-57	0.0	255.0	0.0	0.0	0.0
SPO-SPSG-SRF-20-180-00_bin-78	6.0	241.0	8.0	0.0	8.0
NAO-all-SRF-0-8-5-00_bin-8	11.0	228.0	16.0	0.0	16.0
SPO-all-SRF-0-8-5-00_bin-931	14.0	51.0	190.0	0.0	190.0
MS-all-DCM-0-8-5-00_bin-256	21.0	49.0	185.0	0.0	185.0
SAO-all-DCM-0-8-5-00_bin-248	15.0	32.0	208.0	68.0	140.0
NAO-all-DCM-20-180-00_bin-25	22.0	127.0	106.0	2.0	104.0
SPO-SPSG-SRF-20-180-00_bin-81	16.0	205.0	34.0	0.0	34.0
NAO-all-SRF-0-8-5-00_bin-572	25.0	181.0	49.0	1.0	48.0
IO-all-SRF-20-180-00_bin-89	25.0	202.0	28.0	0.0	28.0
SPO-CHIL-SRF-180-2000-00_bin-21	2.0	253.0	0.0	0.0	0.0
NAO-all-MIX-20-180-00_bin-24	13.0	230.0	12.0	0.0	12.0
NAO-all-SRF-0-8-5-00_bin-411	9.0	230.0	16.0	3.0	13.0
SAO-all-DCM-180-2000-00_bin-12	18.0	167.0	70.0	1.0	69.0
SPO-SPSG-SRF-20-180-00_bin-99	8.0	234.0	13.0	0.0	13.0
SPO-all-SRF-20-180-00_bin-119	0.0	255.0	0.0	0.0	0.0
NPO-all-SRF-20-180-00_bin-46	6.0	247.0	2.0	0.0	2.0
IO-all-SRF-0-8-5-00_bin-256	14.0	120.0	121.0	6.0	115.0
IO-all-SRF-5-20-00_bin-49	9.0	232.0	14.0	1.0	13.0
MS-all-SRF-20-180-00_bin-99	3.0	248.0	4.0	0.0	4.0
MS-all-SRF-180-2000-00_bin-8	27.0	100.0	128.0	3.0	125.0
SPO-all-SRF-0-8-5-00_bin-499	27.0	62.0	166.0	48.0	118.0
NPO-all-SRF-20-180-00_bin-32	10.0	236.0	9.0	0.0	9.0
SAO-all-SRF-0-8-5-00_bin-590	20.0	92.0	143.0	7.0	136.0
MS-all-SRF-20-180-00_bin-94	3.0	248.0	4.0	0.0	4.0
NAO-all-SRF-0-8-5-00_bin-366	20.0	142.0	93.0	1.0	92.0
SPO-all-SRF-20-180-00_bin-84	2.0	252.0	1.0	0.0	1.0
NAO-all-DCM-20-180-00_bin-23	25.0	153.0	77.0	3.0	74.0
IO-all-SRF-180-2000-00_bin-7	14.0	19.0	222.0	3.0	219.0
NAO-all-SRF-0-8-5-00_bin-273	10.0	58.0	187.0	2.0	185.0
IO-all-SRF-180-2000-00_bin-40	11.0	237.0	7.0	0.0	7.0
SPO-SPSG-SRF-0-8-5-00_bin-565	50.0	171.0	34.0	1.0	33.0
SPO-all-SRF-20-180-00_bin-13	4.0	248.0	3.0	0.0	3.0
NPO-all-DCM-0-8-5-00_bin-431	22.0	114.0	119.0	1.0	118.0
NPO-all-SRF-0-8-5-00_bin-249	20.0	62.0	173.0	2.0	171.0
SAO-all-SRF-5-20-00_bin-23	0.0	255.0	0.0	0.0	0.0
SO-all-DCM-180-2000-00_bin-6	19.0	211.0	25.0	0.0	25.0
IO-all-SRF-5-20-00_bin-74	1.0	254.0	0.0	0.0	0.0
NAO-all-DCM-0-8-5-00_bin-69	28.0	76.0	151.0	0.0	151.0
SPO-all-SRF-20-180-00_bin-177	24.0	183.0	48.0	1.0	47.0
SPO-all-SRF-0-8-5-00_bin-25	18.0	85.0	152.0	1.0	151.0
NPO-all-SRF-0-8-5-00_bin-126	15.0	133.0	107.0	1.0	106.0
SO-all-SRF-20-180-00_bin-21	8.0	241.0	6.0	0.0	6.0
NPO-all-SRF-20-180-00_bin-81	3.0	251.0	1.0	0.0	1.0
IO-all-SRF-0-8-5-00_bin-105	21.0	138.0	96.0	3.0	93.0
IO-all-SRF-0-8-5-00_bin-307	12.0	229.0	14.0	0.0	14.0
SPO-all-SRF-20-180-00_bin-111	13.0	236.0	6.0	0.0	6.0
SPO-all-DCM-0-8-5-00_bin-251	20.0	227.0	8.0	0.0	8.0
SPO-CHIL-SRF-180-2000-00_bin-2	15.0	55.0	185.0	4.0	181.0
MS-all-SRF-0-8-5-00_bin-263	20.0	117.0	118.0	1.0	117.0
SPO-all-SRF-180-2000-00_bin-146	55.0	119.0	81.0	6.0	75.0
RS-all-SRF-0-8-5-00_bin-7	28.0	83.0	144.0	5.0	139.0
MS-all-SRF-0-8-5-00_bin-333	13.0	216.0	26.0	0.0	26.0
SPO-all-SRF-0-8-5-00_bin-102	20.0	210.0	25.0	0.0	25.0
SPO-all-SRF-20-180-00_bin-190	16.0	212.0	27.0	2.0	25.0
SPO-PEOD-SRF-20-180-00_bin-1	3.0	251.0	1.0	0.0	1.0
SPO-SPSG-SRF-5-20-00_bin-49	1.0	253.0	1.0	0.0	1.0
IO-all-SRF-5-20-00_bin-128	5.0	235.0	15.0	2.0	13.0
SPO-all-SRF-0-8-5-00_bin-975	30.0	178.0	47.0	0.0	47.0
IO-all-SRF-20-180-00_bin-128	8.0	242.0	5.0	0.0	5.0
NPO-all-DCM-20-180-00_bin-47	2.0	253.0	0.0	0.0	0.0
SAO-all-DCM-0-8-5-00_bin-181	30.0	104.0	121.0	3.0	118.0
IO-all-DCM-5-20-00_bin-2	1.0	253.0	1.0	0.0	1.0
SPO-SPSG-SRF-20-180-00_bin-96	5.0	229.0	21.0	0.0	21.0
MS-all-SRF-180-2000-00_bin-111	6.0	246.0	3.0	0.0	3.0
NPO-all-SRF-5-20-00_bin-19	10.0	190.0	55.0	0.0	55.0
SPO-all-SRF-180-2000-00_bin-23	7.0	227.0	21.0	0.0	21.0
SPO-all-SRF-180-2000-00_bin-214	62.0	155.0	38.0	2.0	36.0
NPO-all-SRF-0-8-5-00_bin-113	24.0	147.0	84.0	1.0	83.0
IO-all-SRF-0-8-5-00_bin-538	17.0	46.0	192.0	1.0	191.0
SPO-all-DCM-0-8-5-00_bin-527	35.0	116.0	104.0	3.0	101.0
SAO-all-SRF-0-8-5-00_bin-366	26.0	139.0	90.0	1.0	89.0
MS-all-DCM-0-8-5-00_bin-257	8.0	222.0	25.0	0.0	25.0
IO-all-SRF-20-180-00_bin-53	5.0	206.0	44.0	1.0	43.0
IO-all-DCM-20-180-00_bin-97	14.0	197.0	44.0	0.0	44.0
SPO-CHIL-SRF-0-8-5-00_bin-249	19.0	53.0	183.0	0.0	183.0
SAO-all-SRF-0-8-5-00_bin-459	27.0	130.0	98.0	1.0	97.0
NPO-all-DCM-0-8-5-00_bin-17	10.0	151.0	94.0	4.0	90.0
NAO-all-SRF-0-8-5-00_bin-507	14.0	53.0	188.0	1.0	187.0
SAO-all-SRF-0-8-5-00_bin-327	2.0	252.0	1.0	0.0	1.0
SAO-all-SRF-0-8-5-00_bin-618	15.0	223.0	17.0	0.0	17.0
NPO-all-SRF-5-20-00_bin-47	9.0	228.0	18.0	0.0	18.0
SPO-SPSG-SRF-0-8-5-00_bin-66	4.0	250.0	1.0	0.0	1.0
NPO-all-SRF-180-2000-00_bin-13	9.0	238.0	8.0	0.0	8.0
NPO-all-SRF-20-180-00_bin-43	14.0	232.0	9.0	0.0	9.0
SO-all-SRF-20-180-00_bin-23	17.0	211.0	27.0	0.0	27.0
NPO-all-SRF-20-180-00_bin-25	26.0	103.0	126.0	1.0	125.0
NPO-all-DCM-20-180-00_bin-74	17.0	229.0	9.0	0.0	9.0
NAO-all-SRF-0-8-5-00_bin-142	22.0	92.0	141.0	1.0	140.0
SO-all-SRF-0-8-5-00_bin-20	22.0	159.0	74.0	0.0	74.0
SAO-all-SRF-0-8-5-00_bin-266	24.0	111.0	120.0	1.0	119.0
SAO-all-DCM-0-8-5-00_bin-320	25.0	139.0	91.0	4.0	87.0
NPO-all-SRF-0-8-5-00_bin-329	19.0	191.0	45.0	0.0	45.0
SO-all-DCM-180-2000-00_bin-17	0.0	253.0	2.0	0.0	2.0
SPO-all-SRF-20-180-00_bin-16	12.0	215.0	28.0	0.0	28.0
SPO-SPSG-SRF-180-2000-00_bin-187	18.0	213.0	24.0	1.0	23.0
MS-all-SRF-0-8-5-00_bin-410	21.0	208.0	26.0	0.0	26.0
SPO-SPSG-SRF-180-2000-00_bin-172	19.0	192.0	44.0	0.0	44.0
SPO-SPSG-SRF-20-180-00_bin-158	4.0	246.0	5.0	0.0	5.0
SPO-SPSG-SRF-20-180-00_bin-164	28.0	108.0	119.0	3.0	116.0
SPO-all-DCM-0-8-5-00_bin-35	26.0	72.0	157.0	0.0	157.0
NAO-all-SRF-20-180-00_bin-8	1.0	253.0	1.0	0.0	1.0
NPO-all-SRF-20-180-00_bin-41	22.0	185.0	48.0	1.0	47.0
MS-all-DCM-5-20-00_bin-31	9.0	228.0	18.0	0.0	18.0
NAO-all-MIX-0-8-5-00_bin-39	1.0	252.0	2.0	0.0	2.0
SPO-all-SRF-180-2000-00_bin-184	22.0	191.0	42.0	0.0	42.0
SPO-all-SRF-0-8-5-00_bin-761	25.0	52.0	178.0	1.0	177.0
IO-all-SRF-0-8-5-00_bin-166	6.0	224.0	25.0	0.0	25.0
NAO-all-DCM-0-8-5-00_bin-38	12.0	225.0	18.0	0.0	18.0
SPO-all-SRF-0-8-5-00_bin-1040	9.0	215.0	31.0	1.0	30.0
MS-all-SRF-0-8-5-00_bin-479	28.0	94.0	133.0	1.0	132.0
SO-all-SRF-0-8-5-00_bin-43	31.0	94.0	130.0	2.0	128.0
SPO-all-SRF-0-8-5-00_bin-345	12.0	186.0	57.0	1.0	56.0
MS-all-DCM-0-8-5-00_bin-94	12.0	139.0	104.0	1.0	103.0
SPO-all-DCM-180-2000-00_bin-43	0.0	255.0	0.0	0.0	0.0
SAO-all-SRF-180-2000-00_bin-33	12.0	233.0	10.0	0.0	10.0
NAO-all-DCM-0-8-5-00_bin-243	19.0	115.0	121.0	0.0	121.0
NPO-all-DCM-20-180-00_bin-21	9.0	218.0	28.0	0.0	28.0
NAO-all-MIX-0-8-5-00_bin-193	13.0	101.0	141.0	0.0	141.0
RS-all-SRF-180-2000-00_bin-9	31.0	172.0	52.0	0.0	52.0
SPO-all-SRF-0-8-5-00_bin-341	33.0	74.0	148.0	5.0	143.0
MS-all-SRF-0-8-5-00_bin-226	20.0	110.0	125.0	0.0	125.0
IO-all-MES-0-8-5-00_bin-262	9.0	191.0	55.0	0.0	55.0
NPO-all-SRF-0-8-5-00_bin-530	33.0	72.0	150.0	0.0	150.0
SO-all-DCM-0-8-5-00_bin-74	7.0	214.0	34.0	0.0	34.0
MS-all-DCM-0-8-5-00_bin-53	23.0	130.0	102.0	13.0	89.0
MS-all-DCM-20-180-00_bin-38	22.0	174.0	59.0	0.0	59.0
IO-all-SRF-20-180-00_bin-71	16.0	204.0	35.0	0.0	35.0
SPO-all-SRF-0-8-5-00_bin-1028	19.0	73.0	163.0	3.0	160.0
SO-all-SRF-0-8-5-00_bin-50	19.0	144.0	92.0	0.0	92.0
MS-all-SRF-20-180-00_bin-87	31.0	137.0	87.0	2.0	85.0
SPO-all-SRF-20-180-00_bin-137	0.0	255.0	0.0	0.0	0.0
NAO-all-MIX-5-20-00_bin-30	2.0	252.0	1.0	0.0	1.0
SPO-all-SRF-0-8-5-00_bin-907	16.0	108.0	131.0	0.0	131.0
NPO-all-MES-0-8-5-00_bin-101	30.0	164.0	61.0	0.0	61.0
SPO-PEOD-MES-0-8-5-00_bin-17	3.0	225.0	27.0	0.0	27.0
IO-all-SRF-0-8-5-00_bin-113	16.0	199.0	40.0	1.0	39.0
SPO-all-SRF-0-8-5-00_bin-906	32.0	35.0	188.0	0.0	188.0
MS-all-SRF-180-2000-00_bin-37	13.0	116.0	126.0	1.0	125.0
SAO-all-SRF-0-8-5-00_bin-284	11.0	24.0	220.0	0.0	220.0
IO-all-DCM-0-8-5-00_bin-104	25.0	109.0	121.0	7.0	114.0
NAO-all-MIX-0-8-5-00_bin-142	18.0	188.0	49.0	1.0	48.0
SPO-SPSG-SRF-0-8-5-00_bin-578	23.0	155.0	77.0	1.0	76.0
SPO-all-SRF-5-20-00_bin-20	1.0	253.0	1.0	0.0	1.0
SPO-PEOD-SRF-20-180-00_bin-35	16.0	190.0	49.0	0.0	49.0
SPO-SPSG-SRF-0-8-5-00_bin-285	30.0	72.0	153.0	30.0	123.0
IO-all-DCM-20-180-00_bin-49	5.0	246.0	4.0	0.0	4.0
MS-all-SRF-5-20-00_bin-35	2.0	249.0	4.0	0.0	4.0
SPO-all-SRF-0-8-5-00_bin-470	11.0	233.0	11.0	0.0	11.0
SAO-all-SRF-0-8-5-00_bin-575	27.0	111.0	117.0	0.0	117.0
IO-all-SRF-20-180-00_bin-92	4.0	237.0	14.0	0.0	14.0
IO-all-SRF-0-8-5-00_bin-380	30.0	134.0	91.0	11.0	80.0
IO-all-SRF-0-8-5-00_bin-260	19.0	91.0	145.0	1.0	144.0
IO-all-FSW-0-8-5-00_bin-88	16.0	27.0	212.0	0.0	212.0
SPO-CHIL-SRF-180-2000-00_bin-57	45.0	168.0	42.0	3.0	39.0
SPO-CHIL-SRF-0-8-5-00_bin-39	20.0	58.0	177.0	0.0	177.0
NAO-all-MIX-180-2000-00_bin-13	0.0	255.0	0.0	0.0	0.0
SPO-SPSG-SRF-0-8-5-00_bin-580	21.0	83.0	151.0	3.0	148.0
NAO-all-SRF-5-20-00_bin-30	2.0	252.0	1.0	0.0	1.0
NAO-all-SRF-0-8-5-00_bin-770	1.0	247.0	7.0	0.0	7.0
SO-all-DCM-0-8-5-00_bin-59	17.0	195.0	43.0	1.0	42.0
MS-all-SRF-0-8-5-00_bin-131	17.0	110.0	128.0	1.0	127.0
IO-all-SRF-180-2000-00_bin-96	7.0	248.0	0.0	0.0	0.0
NPO-all-DCM-0-8-5-00_bin-379	15.0	94.0	146.0	0.0	146.0
SAO-all-DCM-20-180-00_bin-30	1.0	254.0	0.0	0.0	0.0
IO-all-DCM-0-8-5-00_bin-157	13.0	88.0	154.0	3.0	151.0
SAO-all-DCM-0-8-5-00_bin-322	11.0	56.0	188.0	23.0	165.0
SAO-all-DCM-0-8-5-00_bin-588	61.0	126.0	68.0	2.0	66.0
MS-all-SRF-0-8-5-00_bin-298	28.0	59.0	168.0	2.0	166.0
SPO-SPSG-SRF-0-8-5-00_bin-40	11.0	207.0	37.0	0.0	37.0
NPO-all-SRF-0-8-5-00_bin-341	4.0	246.0	5.0	0.0	5.0
SPO-SPSG-SRF-0-8-5-00_bin-164	7.0	241.0	7.0	0.0	7.0
SPO-all-SRF-20-180-00_bin-88	22.0	94.0	139.0	0.0	139.0
NAO-all-MIX-0-8-5-00_bin-96	16.0	20.0	219.0	0.0	219.0
MS-all-SRF-180-2000-00_bin-24	21.0	83.0	151.0	0.0	151.0
MS-all-SRF-20-180-00_bin-65	23.0	131.0	101.0	3.0	98.0
SPO-all-SRF-180-2000-00_bin-289	4.0	246.0	5.0	0.0	5.0
SPO-SPSG-SRF-20-180-00_bin-18	12.0	191.0	52.0	0.0	52.0
MS-all-SRF-20-180-00_bin-98	16.0	210.0	29.0	0.0	29.0
IO-all-DCM-20-180-00_bin-38	15.0	167.0	73.0	0.0	73.0
IO-all-SRF-180-2000-00_bin-90	5.0	247.0	3.0	0.0	3.0
MS-all-DCM-0-8-5-00_bin-323	22.0	92.0	141.0	0.0	141.0
IO-all-SRF-180-2000-00_bin-43	0.0	253.0	2.0	0.0	2.0
NPO-all-SRF-0-8-5-00_bin-306	24.0	73.0	158.0	1.0	157.0
IO-all-DCM-20-180-00_bin-103	39.0	108.0	108.0	3.0	105.0
IO-all-SRF-0-8-5-00_bin-126	14.0	101.0	140.0	1.0	139.0
MS-all-DCM-180-2000-00_bin-37	20.0	137.0	98.0	2.0	96.0
SPO-SPSG-SRF-180-2000-00_bin-1	1.0	250.0	4.0	0.0	4.0
NPO-all-SRF-0-8-5-00_bin-232	27.0	31.0	197.0	0.0	197.0
NAO-all-SRF-0-8-5-00_bin-169	26.0	77.0	152.0	0.0	152.0
SPO-all-SRF-20-180-00_bin-274	7.0	241.0	7.0	0.0	7.0
NAO-all-SRF-0-8-5-00_bin-499	24.0	41.0	190.0	3.0	187.0
SPO-CHIL-SRF-0-8-5-00_bin-213	22.0	109.0	124.0	2.0	122.0
IO-all-SRF-0-8-5-00_bin-243	23.0	174.0	58.0	1.0	57.0
SPO-SPSG-SRF-0-8-5-00_bin-290	22.0	120.0	113.0	4.0	109.0
NPO-all-DCM-0-8-5-00_bin-237	14.0	53.0	188.0	1.0	187.0
SPO-SPSG-SRF-0-8-5-00_bin-608	14.0	46.0	195.0	1.0	194.0
NPO-all-DCM-20-180-00_bin-25	6.0	244.0	5.0	0.0	5.0
RS-all-SRF-20-180-00_bin-27	27.0	132.0	96.0	1.0	95.0
SO-all-DCM-180-2000-00_bin-14	2.0	247.0	6.0	0.0	6.0
NPO-all-SRF-5-20-00_bin-20	24.0	100.0	131.0	0.0	131.0
SPO-SPSG-SRF-20-180-00_bin-104	2.0	249.0	4.0	0.0	4.0
NAO-all-SRF-0-8-5-00_bin-631	28.0	98.0	129.0	2.0	127.0
MS-all-SRF-180-2000-00_bin-103	34.0	205.0	16.0	0.0	16.0
IO-all-SRF-0-8-5-00_bin-223	18.0	52.0	185.0	2.0	183.0
SPO-SPSG-SRF-0-8-5-00_bin-614	5.0	217.0	33.0	0.0	33.0
SAO-all-DCM-0-8-5-00_bin-350	14.0	208.0	33.0	0.0	33.0
SPO-all-SRF-20-180-00_bin-134	3.0	248.0	4.0	0.0	4.0
NPO-all-SRF-0-8-5-00_bin-425	20.0	195.0	40.0	0.0	40.0
SPO-SPSG-SRF-180-2000-00_bin-31	6.0	245.0	4.0	1.0	3.0
MS-all-DCM-180-2000-00_bin-15	1.0	254.0	0.0	0.0	0.0
IO-all-DCM-20-180-00_bin-66	29.0	171.0	55.0	2.0	53.0
IO-all-SRF-180-2000-00_bin-72	8.0	238.0	9.0	0.0	9.0
SAO-all-DCM-20-180-00_bin-3	12.0	181.0	62.0	1.0	61.0
SPO-SPSG-SRF-0-8-5-00_bin-27	21.0	49.0	185.0	0.0	185.0
SAO-all-SRF-0-8-5-00_bin-592	19.0	128.0	108.0	4.0	104.0
NAO-all-SRF-0-8-5-00_bin-297	26.0	68.0	161.0	2.0	159.0
IO-all-SRF-20-180-00_bin-26	29.0	29.0	197.0	0.0	197.0
MS-all-SRF-20-180-00_bin-10	3.0	241.0	11.0	0.0	11.0
SPO-all-SRF-0-8-5-00_bin-469	18.0	52.0	185.0	11.0	174.0
NAO-all-SRF-0-8-5-00_bin-617	1.0	254.0	0.0	0.0	0.0
MS-all-SRF-20-180-00_bin-36	3.0	251.0	1.0	0.0	1.0
NPO-all-SRF-0-8-5-00_bin-15	16.0	171.0	68.0	3.0	65.0
NAO-all-SRF-5-20-00_bin-26	19.0	166.0	70.0	2.0	68.0
SAO-all-SRF-0-8-5-00_bin-290	8.0	230.0	17.0	0.0	17.0
MS-all-SRF-180-2000-00_bin-76	5.0	249.0	1.0	0.0	1.0
SPO-all-SRF-180-2000-00_bin-318	21.0	176.0	58.0	0.0	58.0
IO-all-DCM-0-8-5-00_bin-21	26.0	158.0	71.0	2.0	69.0
SPO-SPSG-SRF-0-8-5-00_bin-438	1.0	254.0	0.0	0.0	0.0
IO-all-DCM-0-8-5-00_bin-17	21.0	111.0	123.0	1.0	122.0
IO-all-DCM-0-8-5-00_bin-351	27.0	158.0	70.0	1.0	69.0
IO-all-SRF-20-180-00_bin-115	14.0	212.0	29.0	0.0	29.0
SPO-all-SRF-180-2000-00_bin-228	3.0	251.0	1.0	0.0	1.0
NAO-all-SRF-0-8-5-00_bin-152	22.0	144.0	89.0	0.0	89.0
MS-all-SRF-5-20-00_bin-10	8.0	229.0	18.0	0.0	18.0
SPO-all-SRF-0-8-5-00_bin-561	17.0	130.0	108.0	3.0	105.0
SAO-all-SRF-5-20-00_bin-54	1.0	254.0	0.0	0.0	0.0
IO-all-DCM-0-8-5-00_bin-130	15.0	224.0	16.0	0.0	16.0
IO-all-MES-0-8-5-00_bin-59	12.0	20.0	223.0	0.0	223.0
SPO-SPSG-SRF-20-180-00_bin-26	0.0	255.0	0.0	0.0	0.0
SPO-SPSG-SRF-180-2000-00_bin-203	1.0	254.0	0.0	0.0	0.0
SPO-all-SRF-20-180-00_bin-129	0.0	255.0	0.0	0.0	0.0
SO-all-SRF-20-180-00_bin-8	4.0	243.0	8.0	0.0	8.0
MS-all-SRF-0-8-5-00_bin-464	13.0	224.0	18.0	0.0	18.0
SPO-SPSG-DCM-20-180-00_bin-14	9.0	220.0	26.0	1.0	25.0
NPO-all-DCM-20-180-00_bin-58	4.0	247.0	4.0	0.0	4.0
NAO-all-SRF-0-8-5-00_bin-745	26.0	28.0	201.0	1.0	200.0
NAO-all-DCM-5-20-00_bin-19	6.0	238.0	11.0	0.0	11.0
MS-all-SRF-180-2000-00_bin-95	16.0	218.0	21.0	0.0	21.0
SPO-SPSG-SRF-20-180-00_bin-69	9.0	237.0	9.0	0.0	9.0
NAO-all-SRF-5-20-00_bin-25	5.0	245.0	5.0	0.0	5.0
SAO-all-DCM-0-8-5-00_bin-159	27.0	189.0	39.0	2.0	37.0
SPO-all-SRF-20-180-00_bin-127	25.0	190.0	40.0	0.0	40.0
SPO-all-SRF-20-180-00_bin-51	8.0	240.0	7.0	0.0	7.0
NPO-all-SRF-20-180-00_bin-31	2.0	250.0	3.0	0.0	3.0
NAO-all-SRF-0-8-5-00_bin-339	30.0	159.0	66.0	2.0	64.0
NPO-all-DCM-20-180-00_bin-49	16.0	95.0	144.0	1.0	143.0
SPO-SPSG-SRF-0-8-5-00_bin-379	29.0	171.0	55.0	1.0	54.0
SAO-all-MES-0-8-5-00_bin-104	24.0	201.0	30.0	1.0	29.0
SAO-all-DCM-0-8-5-00_bin-431	23.0	77.0	155.0	5.0	150.0
NPO-all-MES-0-8-5-00_bin-198	3.0	16.0	236.0	0.0	236.0
NPO-all-SRF-0-8-5-00_bin-336	9.0	231.0	15.0	0.0	15.0
SPO-all-SRF-0-8-5-00_bin-551	32.0	95.0	128.0	1.0	127.0
SAO-all-DCM-0-8-5-00_bin-441	21.0	43.0	191.0	1.0	190.0
SAO-all-MES-0-8-5-00_bin-199	1.0	251.0	3.0	0.0	3.0
SPO-SPSG-SRF-5-20-00_bin-57	2.0	253.0	0.0	0.0	0.0
MS-all-SRF-20-180-00_bin-42	18.0	227.0	10.0	0.0	10.0
SPO-PEOD-SRF-5-20-00_bin-37	20.0	68.0	167.0	1.0	166.0
IO-all-SRF-0-8-5-00_bin-183	24.0	167.0	64.0	2.0	62.0
SPO-CHIL-SRF-0-8-5-00_bin-134	28.0	125.0	102.0	3.0	99.0
IO-all-SRF-5-20-00_bin-65	5.0	212.0	38.0	3.0	35.0
SAO-all-SRF-0-8-5-00_bin-297	23.0	52.0	180.0	1.0	179.0
SAO-all-SRF-20-180-00_bin-20	0.0	255.0	0.0	0.0	0.0
IO-all-SRF-20-180-00_bin-119	25.0	211.0	19.0	0.0	19.0
SAO-all-SRF-0-8-5-00_bin-171	30.0	123.0	102.0	0.0	102.0
SPO-CHIL-SRF-20-180-00_bin-27	1.0	251.0	3.0	0.0	3.0
SPO-all-SRF-20-180-00_bin-125	11.0	54.0	190.0	2.0	188.0
NAO-all-SRF-0-8-5-00_bin-143	16.0	192.0	47.0	0.0	47.0
SPO-SPSG-DCM-20-180-00_bin-25	27.0	79.0	149.0	2.0	147.0
RS-all-SRF-180-2000-00_bin-3	3.0	249.0	3.0	0.0	3.0
MS-all-SRF-0-8-5-00_bin-196	8.0	233.0	14.0	0.0	14.0
SPO-all-SRF-0-8-5-00_bin-234	43.0	77.0	135.0	3.0	132.0
NPO-all-DCM-0-8-5-00_bin-390	28.0	43.0	184.0	0.0	184.0
NAO-all-SRF-20-180-00_bin-84	0.0	253.0	2.0	0.0	2.0
SPO-PEOD-SRF-0-8-5-00_bin-27	9.0	230.0	16.0	1.0	15.0
NPO-all-SRF-0-8-5-00_bin-297	34.0	100.0	121.0	3.0	118.0
SPO-SPSG-SRF-20-180-00_bin-59	25.0	114.0	116.0	1.0	115.0
MS-all-DCM-0-8-5-00_bin-366	28.0	115.0	112.0	1.0	111.0
IO-all-SRF-0-8-5-00_bin-109	16.0	191.0	48.0	0.0	48.0
NAO-all-SRF-0-8-5-00_bin-523	33.0	176.0	46.0	5.0	41.0
SPO-all-SRF-180-2000-00_bin-136	101.0	122.0	32.0	0.0	32.0
IO-all-SRF-0-8-5-00_bin-502	10.0	189.0	56.0	0.0	56.0
NPO-all-DCM-0-8-5-00_bin-223	14.0	199.0	42.0	0.0	42.0
IO-all-SRF-20-180-00_bin-40	16.0	202.0	37.0	1.0	36.0
SO-all-SRF-0-8-5-00_bin-54	0.0	254.0	1.0	0.0	1.0
SAO-all-SRF-0-8-5-00_bin-71	15.0	121.0	119.0	1.0	118.0
MS-all-SRF-20-180-00_bin-12	15.0	117.0	123.0	3.0	120.0
IO-all-SRF-180-2000-00_bin-44	30.0	33.0	192.0	1.0	191.0
SPO-SPSG-SRF-20-180-00_bin-177	0.0	255.0	0.0	0.0	0.0
IO-all-DCM-0-8-5-00_bin-353	13.0	46.0	196.0	1.0	195.0
SPO-all-SRF-5-20-00_bin-110	7.0	240.0	8.0	0.0	8.0
SPO-PEOD-SRF-20-180-00_bin-14	14.0	203.0	38.0	1.0	37.0
SPO-CHIL-DCM-180-2000-00_bin-3	0.0	255.0	0.0	0.0	0.0
NPO-all-SRF-5-20-00_bin-9	14.0	63.0	178.0	0.0	178.0
IO-all-DCM-0-8-5-00_bin-107	13.0	220.0	22.0	0.0	22.0
SAO-all-SRF-0-8-5-00_bin-141	23.0	69.0	163.0	19.0	144.0
NAO-all-SRF-0-8-5-00_bin-320	35.0	57.0	163.0	1.0	162.0
SPO-PEOD-SRF-5-20-00_bin-8	18.0	171.0	66.0	1.0	65.0
SAO-all-MES-0-8-5-00_bin-84	17.0	98.0	140.0	3.0	137.0
NAO-all-SRF-20-180-00_bin-6	17.0	164.0	74.0	0.0	74.0
MS-all-SRF-20-180-00_bin-23	6.0	245.0	4.0	0.0	4.0
NAO-all-DCM-0-8-5-00_bin-14	16.0	218.0	21.0	0.0	21.0
SPO-all-SRF-5-20-00_bin-176	3.0	248.0	4.0	0.0	4.0
SPO-SPSG-SRF-0-8-5-00_bin-477	2.0	253.0	0.0	0.0	0.0
SAO-all-SRF-180-2000-00_bin-37	19.0	70.0	166.0	4.0	162.0
SPO-all-SRF-180-2000-00_bin-279	13.0	51.0	191.0	4.0	187.0
SAO-all-DCM-0-8-5-00_bin-282	20.0	122.0	113.0	4.0	109.0
IO-all-FSW-0-8-5-00_bin-83	18.0	112.0	125.0	1.0	124.0
SAO-all-DCM-0-8-5-00_bin-354	8.0	193.0	54.0	1.0	53.0
SPO-SPSG-SRF-180-2000-00_bin-129	36.0	171.0	48.0	0.0	48.0
SPO-SPSG-SRF-180-2000-00_bin-159	0.0	255.0	0.0	0.0	0.0
NPO-all-SRF-20-180-00_bin-49	6.0	246.0	3.0	0.0	3.0
NAO-all-DCM-0-8-5-00_bin-34	24.0	145.0	86.0	2.0	84.0
MS-all-SRF-0-8-5-00_bin-588	21.0	93.0	141.0	4.0	137.0
SAO-all-SRF-0-8-5-00_bin-49	27.0	107.0	121.0	2.0	119.0
NAO-all-SRF-0-8-5-00_bin-167	29.0	74.0	152.0	0.0	152.0
MS-all-SRF-0-8-5-00_bin-582	15.0	59.0	181.0	3.0	178.0
RS-all-SRF-180-2000-00_bin-8	13.0	221.0	21.0	1.0	20.0
SPO-SPSG-SRF-180-2000-00_bin-136	13.0	236.0	6.0	0.0	6.0
SPO-SPSG-SRF-180-2000-00_bin-205	23.0	15.0	217.0	3.0	214.0
RS-all-SRF-0-8-5-00_bin-50	22.0	103.0	130.0	0.0	130.0
SPO-SPSG-SRF-20-180-00_bin-178	15.0	215.0	25.0	0.0	25.0
SPO-PEOD-DCM-0-8-5-00_bin-41	17.0	48.0	190.0	0.0	190.0
SAO-all-SRF-0-8-5-00_bin-241	8.0	65.0	182.0	3.0	179.0
NPO-all-SRF-0-8-5-00_bin-371	21.0	133.0	101.0	0.0	101.0
SO-all-SRF-5-20-00_bin-17	4.0	250.0	1.0	0.0	1.0
IO-all-SRF-20-180-00_bin-67	0.0	255.0	0.0	0.0	0.0
IO-all-SRF-0-8-5-00_bin-22	19.0	85.0	151.0	2.0	149.0
SPO-SPSG-SRF-20-180-00_bin-93	17.0	166.0	72.0	0.0	72.0
SPO-all-SRF-0-8-5-00_bin-664	28.0	71.0	156.0	1.0	155.0
SAO-all-DCM-0-8-5-00_bin-594	20.0	96.0	139.0	0.0	139.0
IO-all-DCM-20-180-00_bin-48	6.0	214.0	35.0	0.0	35.0
SAO-all-SRF-20-180-00_bin-59	2.0	253.0	0.0	0.0	0.0
SPO-all-SRF-0-8-5-00_bin-130	18.0	56.0	181.0	0.0	181.0
MS-all-SRF-0-8-5-00_bin-158	27.0	112.0	116.0	4.0	112.0
IO-all-SRF-0-8-5-00_bin-406	22.0	148.0	85.0	1.0	84.0
SAO-all-SRF-0-8-5-00_bin-105	2.0	244.0	9.0	0.0	9.0
MS-all-SRF-0-8-5-00_bin-584	27.0	102.0	126.0	2.0	124.0
IO-all-SRF-20-180-00_bin-121	33.0	103.0	119.0	3.0	116.0
IO-all-DCM-0-8-5-00_bin-12	27.0	125.0	103.0	1.0	102.0
SAO-all-SRF-0-8-5-00_bin-583	9.0	171.0	75.0	2.0	73.0
SPO-all-SRF-20-180-00_bin-126	1.0	254.0	0.0	0.0	0.0
SPO-PEOD-DCM-20-180-00_bin-18	19.0	79.0	157.0	0.0	157.0
SPO-CHIL-SRF-20-180-00_bin-30	6.0	222.0	27.0	0.0	27.0
MS-all-SRF-5-20-00_bin-53	11.0	225.0	19.0	0.0	19.0
SPO-SPSG-DCM-20-180-00_bin-1	24.0	116.0	115.0	2.0	113.0
SPO-SPSG-DCM-20-180-00_bin-30	22.0	180.0	53.0	0.0	53.0
SPO-all-SRF-0-8-5-00_bin-922	25.0	179.0	51.0	0.0	51.0
NAO-all-SRF-20-180-00_bin-71	2.0	250.0	3.0	0.0	3.0
SO-all-SRF-180-2000-00_bin-8	16.0	213.0	26.0	0.0	26.0
SPO-PEOD-DCM-20-180-00_bin-4	36.0	119.0	100.0	15.0	85.0
MS-all-SRF-0-8-5-00_bin-661	8.0	208.0	39.0	2.0	37.0
IO-all-DCM-0-8-5-00_bin-320	19.0	136.0	100.0	1.0	99.0
SPO-all-DCM-0-8-5-00_bin-332	35.0	116.0	104.0	1.0	103.0
NPO-all-SRF-180-2000-00_bin-18	28.0	67.0	160.0	5.0	155.0
SPO-SPSG-SRF-20-180-00_bin-153	12.0	240.0	3.0	0.0	3.0
IO-all-DCM-20-180-00_bin-57	14.0	150.0	91.0	0.0	91.0
SPO-SPSG-SRF-20-180-00_bin-82	1.0	253.0	1.0	0.0	1.0
NPO-all-DCM-0-8-5-00_bin-316	10.0	229.0	16.0	2.0	14.0
NAO-all-SRF-180-2000-00_bin-49	2.0	253.0	0.0	0.0	0.0
SAO-all-DCM-0-8-5-00_bin-465	13.0	162.0	80.0	4.0	76.0
IO-all-SRF-180-2000-00_bin-48	24.0	191.0	40.0	1.0	39.0
IO-all-DCM-20-180-00_bin-54	22.0	68.0	165.0	1.0	164.0
NAO-all-DCM-0-8-5-00_bin-13	10.0	229.0	16.0	2.0	14.0
SPO-all-SRF-0-8-5-00_bin-165	20.0	99.0	136.0	0.0	136.0
SO-all-SRF-0-8-5-00_bin-90	20.0	215.0	20.0	0.0	20.0
NPO-all-DCM-20-180-00_bin-69	15.0	232.0	8.0	0.0	8.0
SPO-all-SRF-180-2000-00_bin-308	1.0	254.0	0.0	0.0	0.0
SPO-SPSG-SRF-20-180-00_bin-38	3.0	247.0	5.0	0.0	5.0
SPO-all-SRF-0-8-5-00_bin-825	32.0	102.0	121.0	2.0	119.0
SAO-all-SRF-20-180-00_bin-61	6.0	240.0	9.0	0.0	9.0
NPO-all-DCM-5-20-00_bin-24	21.0	56.0	178.0	0.0	178.0
NAO-all-SRF-180-2000-00_bin-73	1.0	254.0	0.0	0.0	0.0
NPO-all-DCM-20-180-00_bin-55	22.0	127.0	106.0	0.0	106.0
SPO-all-SRF-5-20-00_bin-152	1.0	254.0	0.0	0.0	0.0
NPO-all-SRF-20-180-00_bin-17	25.0	174.0	56.0	0.0	56.0
RS-all-DCM-20-180-00_bin-3	20.0	78.0	157.0	3.0	154.0
SAO-all-DCM-20-180-00_bin-23	13.0	204.0	38.0	0.0	38.0
NAO-all-MIX-0-8-5-00_bin-34	19.0	85.0	151.0	0.0	151.0
SPO-SPSG-SRF-5-20-00_bin-108	33.0	123.0	99.0	1.0	98.0
SPO-all-SRF-20-180-00_bin-146	37.0	102.0	116.0	2.0	114.0
SPO-all-SRF-5-20-00_bin-118	4.0	248.0	3.0	0.0	3.0
SPO-PEOD-DCM-0-8-5-00_bin-54	29.0	124.0	102.0	2.0	100.0
SAO-all-SRF-5-20-00_bin-32	0.0	255.0	0.0	0.0	0.0
NPO-all-SRF-20-180-00_bin-24	20.0	185.0	50.0	0.0	50.0
SPO-SPSG-DCM-20-180-00_bin-23	10.0	209.0	36.0	1.0	35.0
IO-all-DCM-20-180-00_bin-117	8.0	230.0	17.0	0.0	17.0
IO-all-SRF-0-8-5-00_bin-446	18.0	113.0	124.0	5.0	119.0
SPO-CHIL-SRF-180-2000-00_bin-20	14.0	194.0	47.0	0.0	47.0
SPO-all-SRF-180-2000-00_bin-164	1.0	254.0	0.0	0.0	0.0
NAO-all-SRF-0-8-5-00_bin-76	33.0	141.0	81.0	2.0	79.0
NAO-all-SRF-20-180-00_bin-44	29.0	159.0	67.0	0.0	67.0
SPO-SPSG-SRF-20-180-00_bin-97	9.0	233.0	13.0	0.0	13.0
SO-all-SRF-0-8-5-00_bin-31	12.0	220.0	23.0	0.0	23.0
IO-all-SRF-0-8-5-00_bin-298	17.0	118.0	120.0	0.0	120.0
SAO-all-MES-0-8-5-00_bin-99	3.0	244.0	8.0	0.0	8.0
SPO-all-SRF-0-8-5-00_bin-835	14.0	201.0	40.0	0.0	40.0
SPO-SPSG-SRF-0-8-5-00_bin-663	21.0	72.0	162.0	4.0	158.0
SAO-all-SRF-0-8-5-00_bin-77	11.0	224.0	20.0	0.0	20.0
SPO-SPSG-SRF-180-2000-00_bin-207	0.0	255.0	0.0	0.0	0.0
NAO-all-SRF-180-2000-00_bin-87	44.0	136.0	75.0	2.0	73.0
NAO-all-MIX-0-8-5-00_bin-271	1.0	251.0	3.0	0.0	3.0
NAO-all-MIX-0-8-5-00_bin-117	47.0	74.0	134.0	2.0	132.0
SPO-CHIL-SRF-0-8-5-00_bin-142	4.0	235.0	16.0	0.0	16.0
MS-all-SRF-180-2000-00_bin-86	17.0	200.0	38.0	0.0	38.0
NPO-all-SRF-20-180-00_bin-76	24.0	81.0	150.0	1.0	149.0
MS-all-SRF-5-20-00_bin-24	29.0	170.0	56.0	0.0	56.0
NPO-all-SRF-20-180-00_bin-8	18.0	194.0	43.0	0.0	43.0
IO-all-SRF-0-8-5-00_bin-591	28.0	188.0	39.0	0.0	39.0
SPO-SPSG-DCM-5-20-00_bin-33	12.0	26.0	217.0	2.0	215.0
IO-all-SRF-20-180-00_bin-30	24.0	93.0	138.0	4.0	134.0
SAO-all-DCM-0-8-5-00_bin-75	19.0	204.0	32.0	0.0	32.0
NAO-all-SRF-20-180-00_bin-32	7.0	239.0	9.0	0.0	9.0
NAO-all-SRF-20-180-00_bin-39	10.0	226.0	19.0	0.0	19.0
NPO-all-SRF-5-20-00_bin-46	23.0	164.0	68.0	2.0	66.0
IO-all-SRF-20-180-00_bin-82	7.0	246.0	2.0	0.0	2.0
SAO-all-SRF-5-20-00_bin-14	0.0	254.0	1.0	0.0	1.0
MS-all-DCM-20-180-00_bin-72	22.0	123.0	110.0	2.0	108.0
MS-all-SRF-20-180-00_bin-86	2.0	253.0	0.0	0.0	0.0
SPO-all-DCM-0-8-5-00_bin-566	18.0	37.0	200.0	0.0	200.0
SPO-SPSG-SRF-0-8-5-00_bin-104	23.0	98.0	134.0	2.0	132.0
SAO-all-DCM-0-8-5-00_bin-516	42.0	49.0	164.0	12.0	152.0
SPO-SPSG-SRF-20-180-00_bin-109	13.0	228.0	14.0	0.0	14.0
SPO-all-SRF-5-20-00_bin-77	14.0	218.0	23.0	0.0	23.0
SAO-all-SRF-180-2000-00_bin-19	16.0	207.0	32.0	0.0	32.0
SAO-all-DCM-0-8-5-00_bin-388	7.0	44.0	204.0	7.0	197.0
SPO-SPSG-SRF-0-8-5-00_bin-642	21.0	140.0	94.0	1.0	93.0
SAO-all-SRF-0-8-5-00_bin-111	29.0	126.0	100.0	2.0	98.0
NAO-all-MIX-0-8-5-00_bin-111	12.0	182.0	61.0	1.0	60.0
MS-all-SRF-0-8-5-00_bin-16	6.0	215.0	34.0	0.0	34.0
NAO-all-SRF-180-2000-00_bin-77	0.0	255.0	0.0	0.0	0.0
SPO-all-SRF-180-2000-00_bin-141	19.0	232.0	4.0	0.0	4.0
NPO-all-DCM-0-8-5-00_bin-411	28.0	92.0	135.0	1.0	134.0
SPO-SPSG-DCM-5-20-00_bin-1	16.0	172.0	67.0	0.0	67.0
IO-all-SRF-0-8-5-00_bin-174	20.0	128.0	107.0	0.0	107.0
RS-all-SRF-20-180-00_bin-30	8.0	228.0	19.0	1.0	18.0
NAO-all-SRF-20-180-00_bin-19	24.0	152.0	79.0	2.0	77.0
NAO-all-MES-0-8-5-00_bin-268	3.0	8.0	244.0	0.0	244.0
SAO-all-DCM-0-8-5-00_bin-587	20.0	61.0	174.0	4.0	170.0
SPO-SPSG-SRF-180-2000-00_bin-82	13.0	170.0	72.0	0.0	72.0
SPO-all-SRF-20-180-00_bin-185	5.0	234.0	16.0	0.0	16.0
SPO-all-SRF-180-2000-00_bin-263	3.0	246.0	6.0	0.0	6.0
SAO-all-DCM-0-8-5-00_bin-294	3.0	239.0	13.0	0.0	13.0
NPO-all-SRF-20-180-00_bin-23	30.0	179.0	46.0	0.0	46.0
NAO-all-SRF-0-8-5-00_bin-307	8.0	189.0	58.0	1.0	57.0
NAO-all-SRF-180-2000-00_bin-33	9.0	235.0	11.0	0.0	11.0
SPO-SPSG-SRF-180-2000-00_bin-2	14.0	218.0	23.0	0.0	23.0
NAO-all-MIX-0-8-5-00_bin-170	11.0	63.0	181.0	6.0	175.0
NPO-all-SRF-5-20-00_bin-29	6.0	246.0	3.0	0.0	3.0
SPO-SPSG-DCM-20-180-00_bin-2	5.0	239.0	11.0	0.0	11.0
IO-all-SRF-0-8-5-00_bin-351	14.0	212.0	29.0	1.0	28.0
SPO-SPSG-SRF-0-8-5-00_bin-151	18.0	133.0	104.0	0.0	104.0
SPO-all-SRF-20-180-00_bin-214	16.0	87.0	152.0	2.0	150.0
IO-all-SRF-0-8-5-00_bin-349	1.0	244.0	10.0	0.0	10.0
RS-all-SRF-0-8-5-00_bin-55	21.0	138.0	96.0	1.0	95.0
SAO-all-DCM-0-8-5-00_bin-60	19.0	207.0	29.0	1.0	28.0
SPO-all-SRF-180-2000-00_bin-303	36.0	161.0	58.0	1.0	57.0
SAO-all-DCM-0-8-5-00_bin-200	14.0	39.0	202.0	55.0	147.0
SPO-all-SRF-5-20-00_bin-111	13.0	39.0	203.0	0.0	203.0
SPO-SPSG-SRF-0-8-5-00_bin-581	35.0	85.0	135.0	8.0	127.0
SAO-all-MES-0-8-5-00_bin-134	4.0	244.0	7.0	0.0	7.0
SPO-CHIL-MES-0-8-5-00_bin-22	5.0	55.0	195.0	0.0	195.0
SPO-all-SRF-180-2000-00_bin-155	11.0	239.0	5.0	0.0	5.0
NPO-all-SRF-180-2000-00_bin-29	0.0	255.0	0.0	0.0	0.0
NAO-all-MIX-0-8-5-00_bin-124	24.0	116.0	115.0	6.0	109.0
NAO-all-SRF-0-8-5-00_bin-334	16.0	58.0	181.0	1.0	180.0
NAO-all-SRF-0-8-5-00_bin-683	22.0	87.0	146.0	5.0	141.0
SPO-SPSG-SRF-180-2000-00_bin-131	15.0	176.0	64.0	0.0	64.0
MS-all-SRF-180-2000-00_bin-27	21.0	142.0	92.0	2.0	90.0
SPO-all-DCM-0-8-5-00_bin-138	23.0	92.0	140.0	3.0	137.0
SPO-all-SRF-180-2000-00_bin-151	42.0	133.0	80.0	3.0	77.0
SPO-all-DCM-0-8-5-00_bin-127	21.0	59.0	175.0	1.0	174.0
SPO-SPSG-DCM-0-8-5-00_bin-150	31.0	126.0	98.0	0.0	98.0
MS-all-SRF-0-8-5-00_bin-426	19.0	38.0	198.0	12.0	186.0
NAO-all-DCM-20-180-00_bin-17	5.0	245.0	5.0	0.0	5.0
MS-all-DCM-0-8-5-00_bin-147	11.0	209.0	35.0	0.0	35.0
SPO-all-DCM-0-8-5-00_bin-542	18.0	159.0	78.0	1.0	77.0
NPO-all-SRF-0-8-5-00_bin-32	35.0	132.0	88.0	1.0	87.0
SPO-all-SRF-20-180-00_bin-59	9.0	226.0	20.0	0.0	20.0
SO-all-DCM-0-8-5-00_bin-49	19.0	146.0	90.0	1.0	89.0
SPO-SPSG-DCM-20-180-00_bin-32	22.0	189.0	44.0	0.0	44.0
SAO-all-SRF-5-20-00_bin-25	1.0	254.0	0.0	0.0	0.0
SAO-all-SRF-20-180-00_bin-40	24.0	99.0	132.0	1.0	131.0
NPO-all-SRF-20-180-00_bin-1	27.0	136.0	92.0	11.0	81.0
IO-all-DCM-180-2000-00_bin-20	28.0	211.0	16.0	0.0	16.0
SPO-all-SRF-5-20-00_bin-13	26.0	48.0	181.0	1.0	180.0
SPO-all-SRF-0-8-5-00_bin-849	52.0	163.0	40.0	0.0	40.0
IO-all-DCM-180-2000-00_bin-25	0.0	254.0	1.0	0.0	1.0
SAO-all-SRF-0-8-5-00_bin-465	24.0	206.0	25.0	1.0	24.0
SAO-all-DCM-0-8-5-00_bin-343	11.0	47.0	197.0	1.0	196.0
IO-all-DCM-20-180-00_bin-109	16.0	226.0	13.0	0.0	13.0
NAO-all-MIX-5-20-00_bin-5	13.0	199.0	43.0	0.0	43.0
SPO-all-DCM-0-8-5-00_bin-501	32.0	142.0	81.0	1.0	80.0
NAO-all-MIX-20-180-00_bin-57	0.0	255.0	0.0	0.0	0.0
MS-all-SRF-0-8-5-00_bin-250	17.0	137.0	101.0	0.0	101.0
SPO-all-SRF-0-8-5-00_bin-502	14.0	39.0	202.0	1.0	201.0
SAO-all-DCM-0-8-5-00_bin-556	15.0	214.0	26.0	0.0	26.0
SPO-all-SRF-20-180-00_bin-243	34.0	143.0	78.0	3.0	75.0
NPO-all-SRF-180-2000-00_bin-11	0.0	254.0	1.0	0.0	1.0
SPO-all-SRF-0-8-5-00_bin-716	26.0	150.0	79.0	0.0	79.0
IO-all-SRF-20-180-00_bin-144	1.0	247.0	7.0	0.0	7.0
SPO-SPSG-SRF-0-8-5-00_bin-303	18.0	203.0	34.0	1.0	33.0
SPO-SPSG-SRF-0-8-5-00_bin-217	28.0	187.0	40.0	1.0	39.0
NPO-all-SRF-0-8-5-00_bin-105	19.0	100.0	136.0	0.0	136.0
SAO-all-SRF-0-8-5-00_bin-11	7.0	240.0	8.0	0.0	8.0
SPO-all-SRF-0-8-5-00_bin-737	9.0	226.0	20.0	0.0	20.0
NPO-all-SRF-0-8-5-00_bin-250	10.0	230.0	15.0	2.0	13.0
SO-all-SRF-0-8-5-00_bin-39	17.0	110.0	128.0	1.0	127.0
SPO-all-SRF-180-2000-00_bin-311	5.0	248.0	2.0	0.0	2.0
SAO-all-DCM-0-8-5-00_bin-536	22.0	35.0	198.0	1.0	197.0
NAO-all-MIX-0-8-5-00_bin-132	8.0	103.0	144.0	7.0	137.0
IO-all-SRF-180-2000-00_bin-62	0.0	254.0	1.0	0.0	1.0
SAO-all-SRF-20-180-00_bin-71	24.0	96.0	135.0	5.0	130.0
NAO-all-SRF-0-8-5-00_bin-516	1.0	250.0	4.0	0.0	4.0
RS-all-SRF-20-180-00_bin-19	29.0	210.0	16.0	0.0	16.0
NAO-all-SRF-0-8-5-00_bin-528	13.0	65.0	177.0	0.0	177.0
IO-all-SRF-0-8-5-00_bin-579	25.0	82.0	148.0	4.0	144.0
MS-all-SRF-5-20-00_bin-96	26.0	121.0	108.0	0.0	108.0
NAO-all-MIX-0-8-5-00_bin-163	23.0	34.0	198.0	0.0	198.0
NAO-all-SRF-0-8-5-00_bin-380	16.0	95.0	144.0	2.0	142.0
SPO-all-SRF-0-8-5-00_bin-459	20.0	192.0	43.0	0.0	43.0
SPO-SPSG-SRF-0-8-5-00_bin-427	29.0	103.0	123.0	2.0	121.0
NPO-all-DCM-20-180-00_bin-3	1.0	254.0	0.0	0.0	0.0
SO-all-SRF-5-20-00_bin-18	1.0	252.0	2.0	0.0	2.0
SAO-all-DCM-0-8-5-00_bin-160	3.0	252.0	0.0	0.0	0.0
MS-all-DCM-180-2000-00_bin-45	28.0	63.0	164.0	0.0	164.0
MS-all-SRF-0-8-5-00_bin-125	29.0	86.0	140.0	0.0	140.0
MS-all-SRF-180-2000-00_bin-92	2.0	249.0	4.0	0.0	4.0
NPO-all-SRF-180-2000-00_bin-9	12.0	231.0	12.0	0.0	12.0
SAO-all-SRF-0-8-5-00_bin-414	13.0	148.0	94.0	0.0	94.0
NPO-all-SRF-180-2000-00_bin-5	10.0	230.0	15.0	1.0	14.0
SAO-all-DCM-0-8-5-00_bin-409	20.0	32.0	203.0	137.0	66.0
IO-all-DCM-20-180-00_bin-74	13.0	185.0	57.0	0.0	57.0
IO-all-DCM-0-8-5-00_bin-306	23.0	80.0	152.0	1.0	151.0
IO-all-SRF-0-8-5-00_bin-252	15.0	224.0	16.0	0.0	16.0
SO-all-DCM-0-8-5-00_bin-35	5.0	244.0	6.0	0.0	6.0
SAO-all-SRF-0-8-5-00_bin-506	14.0	127.0	114.0	2.0	112.0
SAO-all-SRF-0-8-5-00_bin-546	20.0	108.0	127.0	2.0	125.0
NAO-all-MIX-0-8-5-00_bin-276	21.0	36.0	198.0	0.0	198.0
IO-all-SRF-20-180-00_bin-109	7.0	231.0	17.0	0.0	17.0
IO-all-SRF-0-8-5-00_bin-402	16.0	166.0	73.0	3.0	70.0
NPO-all-DCM-0-8-5-00_bin-298	27.0	96.0	132.0	1.0	131.0
SPO-all-DCM-0-8-5-00_bin-208	6.0	218.0	31.0	0.0	31.0
SAO-all-SRF-0-8-5-00_bin-87	21.0	183.0	51.0	0.0	51.0
SPO-all-SRF-0-8-5-00_bin-721	4.0	242.0	9.0	0.0	9.0
SPO-all-SRF-0-8-5-00_bin-633	28.0	78.0	149.0	2.0	147.0
SPO-all-SRF-0-8-5-00_bin-867	10.0	43.0	202.0	1.0	201.0
IO-all-DCM-5-20-00_bin-11	0.0	251.0	4.0	0.0	4.0
NAO-all-DCM-0-8-5-00_bin-131	26.0	93.0	136.0	0.0	136.0
SPO-SPSG-SRF-20-180-00_bin-168	17.0	193.0	45.0	1.0	44.0
SPO-all-SRF-180-2000-00_bin-73	1.0	254.0	0.0	0.0	0.0
SPO-all-SRF-180-2000-00_bin-31	23.0	188.0	44.0	1.0	43.0
MS-all-SRF-5-20-00_bin-9	24.0	98.0	133.0	2.0	131.0
SPO-SPSG-SRF-180-2000-00_bin-96	55.0	121.0	79.0	7.0	72.0
SAO-all-DCM-0-8-5-00_bin-43	14.0	23.0	218.0	0.0	218.0
SO-all-SRF-0-8-5-00_bin-97	31.0	92.0	132.0	2.0	130.0
SPO-all-SRF-0-8-5-00_bin-394	7.0	232.0	16.0	0.0	16.0
IO-all-SRF-20-180-00_bin-73	36.0	119.0	100.0	4.0	96.0
NPO-all-SRF-20-180-00_bin-48	14.0	210.0	31.0	0.0	31.0
SO-all-SRF-0-8-5-00_bin-45	7.0	240.0	8.0	0.0	8.0
IO-all-SRF-0-8-5-00_bin-529	22.0	148.0	85.0	1.0	84.0
SPO-SPSG-SRF-180-2000-00_bin-122	19.0	197.0	39.0	0.0	39.0
IO-all-SRF-180-2000-00_bin-79	14.0	209.0	32.0	0.0	32.0
SAO-all-DCM-0-8-5-00_bin-564	26.0	48.0	181.0	2.0	179.0
MS-all-SRF-0-8-5-00_bin-251	30.0	113.0	112.0	0.0	112.0
SPO-all-SRF-180-2000-00_bin-49	21.0	94.0	140.0	3.0	137.0
SPO-SPSG-DCM-0-8-5-00_bin-88	26.0	87.0	142.0	1.0	141.0
IO-all-SRF-180-2000-00_bin-21	16.0	177.0	62.0	0.0	62.0
SPO-all-SRF-20-180-00_bin-110	21.0	161.0	73.0	1.0	72.0
SPO-SPSG-SRF-180-2000-00_bin-113	96.0	126.0	33.0	0.0	33.0
SPO-all-SRF-0-8-5-00_bin-449	24.0	72.0	159.0	0.0	159.0
SAO-all-DCM-0-8-5-00_bin-62	57.0	92.0	106.0	3.0	103.0
IO-all-SRF-0-8-5-00_bin-80	26.0	70.0	159.0	6.0	153.0
RS-all-SRF-180-2000-00_bin-15	14.0	189.0	52.0	0.0	52.0
NAO-all-SRF-0-8-5-00_bin-289	24.0	194.0	37.0	1.0	36.0
SPO-all-SRF-5-20-00_bin-55	27.0	85.0	143.0	2.0	141.0
SPO-SPSG-SRF-5-20-00_bin-3	14.0	202.0	39.0	0.0	39.0
SO-all-SRF-5-20-00_bin-63	0.0	251.0	4.0	0.0	4.0
MS-all-SRF-20-180-00_bin-4	28.0	72.0	155.0	3.0	152.0
IO-all-MES-0-8-5-00_bin-188	14.0	150.0	91.0	2.0	89.0
SPO-all-SRF-180-2000-00_bin-28	15.0	166.0	74.0	0.0	74.0
IO-all-SRF-0-8-5-00_bin-291	1.0	252.0	2.0	0.0	2.0
NPO-all-MES-0-8-5-00_bin-163	38.0	96.0	121.0	1.0	120.0
SPO-PEOD-SRF-20-180-00_bin-15	8.0	229.0	18.0	0.0	18.0
NAO-all-SRF-0-8-5-00_bin-230	22.0	76.0	157.0	1.0	156.0
IO-all-SRF-180-2000-00_bin-83	0.0	255.0	0.0	0.0	0.0
SAO-all-SRF-0-8-5-00_bin-212	9.0	29.0	217.0	1.0	216.0
SPO-SPSG-DCM-5-20-00_bin-40	31.0	49.0	175.0	1.0	174.0
SO-all-SRF-0-8-5-00_bin-112	20.0	152.0	83.0	3.0	80.0
MS-all-DCM-20-180-00_bin-45	8.0	226.0	21.0	0.0	21.0
IO-all-DCM-0-8-5-00_bin-230	39.0	101.0	115.0	5.0	110.0
SAO-all-SRF-20-180-00_bin-46	25.0	175.0	55.0	0.0	55.0
NPO-all-SRF-20-180-00_bin-84	0.0	255.0	0.0	0.0	0.0
NPO-all-SRF-20-180-00_bin-18	10.0	230.0	15.0	0.0	15.0
MS-all-SRF-20-180-00_bin-24	46.0	133.0	76.0	1.0	75.0
MS-all-SRF-0-8-5-00_bin-123	19.0	52.0	184.0	0.0	184.0
MS-all-SRF-180-2000-00_bin-83	45.0	108.0	102.0	1.0	101.0
IO-all-SRF-0-8-5-00_bin-325	9.0	143.0	103.0	1.0	102.0
SAO-all-SRF-0-8-5-00_bin-200	2.0	250.0	3.0	0.0	3.0
SO-all-SRF-180-2000-00_bin-3	8.0	244.0	3.0	0.0	3.0
SPO-CHIL-DCM-20-180-00_bin-3	28.0	129.0	98.0	1.0	97.0
RS-all-SRF-20-180-00_bin-8	23.0	169.0	63.0	3.0	60.0
IO-all-MES-0-8-5-00_bin-223	1.0	254.0	0.0	0.0	0.0
SPO-SPSG-SRF-20-180-00_bin-80	31.0	171.0	53.0	0.0	53.0
IO-all-SRF-20-180-00_bin-131	3.0	247.0	5.0	0.0	5.0
NAO-all-MIX-0-8-5-00_bin-174	8.0	239.0	8.0	0.0	8.0
SAO-all-SRF-0-8-5-00_bin-26	18.0	94.0	143.0	34.0	109.0
SPO-all-SRF-0-8-5-00_bin-515	24.0	196.0	35.0	3.0	32.0
SPO-SPSG-SRF-180-2000-00_bin-137	0.0	255.0	0.0	0.0	0.0
SPO-SPSG-SRF-20-180-00_bin-106	2.0	252.0	1.0	0.0	1.0
SAO-all-SRF-0-8-5-00_bin-566	19.0	182.0	54.0	0.0	54.0
SPO-SPSG-MES-0-8-5-00_bin-179	3.0	21.0	231.0	0.0	231.0
SPO-all-SRF-180-2000-00_bin-173	9.0	240.0	6.0	0.0	6.0
SAO-all-DCM-0-8-5-00_bin-428	16.0	95.0	144.0	8.0	136.0
SPO-SPSG-SRF-5-20-00_bin-21	3.0	244.0	8.0	0.0	8.0
SAO-all-SRF-180-2000-00_bin-28	45.0	192.0	18.0	0.0	18.0
SAO-all-SRF-0-8-5-00_bin-545	17.0	214.0	24.0	0.0	24.0
SPO-SPSG-SRF-0-8-5-00_bin-658	27.0	76.0	152.0	7.0	145.0
SPO-SPSG-SRF-0-8-5-00_bin-277	12.0	38.0	205.0	0.0	205.0
NAO-all-DCM-0-8-5-00_bin-77	9.0	14.0	232.0	0.0	232.0
NAO-all-MIX-180-2000-00_bin-8	11.0	202.0	42.0	0.0	42.0
SAO-all-SRF-0-8-5-00_bin-195	13.0	183.0	59.0	0.0	59.0
SAO-all-DCM-0-8-5-00_bin-2	21.0	49.0	185.0	2.0	183.0
SPO-CHIL-DCM-0-8-5-00_bin-46	30.0	84.0	141.0	7.0	134.0
SPO-SPSG-SRF-180-2000-00_bin-78	17.0	226.0	12.0	0.0	12.0
SPO-all-SRF-20-180-00_bin-70	2.0	249.0	4.0	0.0	4.0
IO-all-SRF-0-8-5-00_bin-89	14.0	45.0	196.0	0.0	196.0
SPO-all-SRF-180-2000-00_bin-153	0.0	255.0	0.0	0.0	0.0
