,color,name
RS-all-SRF-0-8-5-00_bin-105,#DFF2A6,Eukaryota;Archaeplastida;Chlorophyta;-
SPO-all-SRF-0-8-5-00_bin-190,#1D8C8A,Eukaryota;Stramenopiles;Ochrophyta;Bacillariophyta
IO-all-DCM-0-8-5-00_bin-111,#EB9E7A,Eukaryota;Hacrobia;Haptophyta;Prymnesiophyceae
IO-all-SRF-20-180-00_bin-43,#481358,Eukaryota;Metazoa;Arthropoda;Hexanauplia
MS-all-SRF-0-8-5-00_bin-318,#6EAA93,Eukaryota;SAR
NAO-all-MES-0-8-5-00_bin-73,#821C4A,Eukaryota;Opisthokonta;Fungi;Ascomycota
SAO-all-SRF-20-180-00_bin-42,#481358,Eukaryota;Metazoa;Arthropoda;Hexanauplia
NAO-all-SRF-0-8-5-00_bin-17,#CDCBCC,Eukaryota;-;-;-
SPO-SPSG-MIX-0-8-5-00_bin-132,#D4EC83,Eukaryota;Archaeplastida;Chlorophyta;Chloropicophyceae
MS-all-DCM-0-8-5-00_bin-224,#6EAA93,Eukaryota;SAR
MS-all-DCM-0-8-5-00_bin-636,#A2D520,Eukaryota;Archaeplastida;Chlorophyta;Mamiellophyceae
SPO-all-SRF-5-20-00_bin-108,#D4EC83,Eukaryota;Archaeplastida;Chlorophyta;Chloropicophyceae
SPO-SPSG-DCM-0-8-5-00_bin-172,#D4EC83,Eukaryota;Archaeplastida;Chlorophyta;Chloropicophyceae
SPO-SPSG-SRF-0-8-5-00_bin-560,#DFF2A6,Eukaryota;Archaeplastida;Chlorophyta;-
SPO-PEOD-MES-0-8-5-00_bin-1,#821C4A,Eukaryota;Opisthokonta;Fungi;Ascomycota
SPO-all-SRF-0-8-5-00_bin-148,#CDCBCC,Eukaryota;-;-;-
SPO-SPSG-SRF-0-8-5-00_bin-329,#EB9E7A,Eukaryota;Hacrobia;Haptophyta;Prymnesiophyceae
SPO-SPSG-SRF-20-180-00_bin-115,#481358,Eukaryota;Metazoa;Arthropoda;-
SAO-all-SRF-0-8-5-00_bin-59,#6EAA93,Eukaryota;SAR
SPO-PEOD-SRF-20-180-00_bin-32,#481358,Eukaryota;Metazoa;Arthropoda;-
SPO-all-SRF-5-20-00_bin-120,#D4EC83,Eukaryota;Archaeplastida;Chlorophyta;Chloropicophyceae
MS-all-SRF-5-20-00_bin-56,#481358,Eukaryota;Metazoa;Arthropoda;Hexanauplia
IO-all-SRF-5-20-00_bin-121,#1D8C8A,Eukaryota;Stramenopiles;Ochrophyta;Bacillariophyta
MS-all-DCM-20-180-00_bin-15,#481358,Eukaryota;Metazoa;Arthropoda;-
SAO-all-SRF-0-8-5-00_bin-325,#BAAB1C,Eukaryota;Hacrobia;Cryptophyta;Cryptophyceae
SPO-PEOD-DCM-0-8-5-00_bin-80,#A2D520,Eukaryota;Archaeplastida;Chlorophyta;Mamiellophyceae
NAO-all-MIX-0-8-5-00_bin-204,#EB9E7A,Eukaryota;Hacrobia;Haptophyta;Prymnesiophyceae
SPO-all-SRF-0-8-5-00_bin-508,#D4EC83,Eukaryota;Archaeplastida;Chlorophyta;Chloropicophyceae
MS-all-SRF-0-8-5-00_bin-161,#1EAEA0,Eukaryota;Stramenopiles;Ochrophyta;Chrysophyceae
SPO-all-SRF-20-180-00_bin-202,#481358,Eukaryota;Metazoa;Arthropoda;Hexanauplia
SPO-SPSG-MIX-0-8-5-00_bin-106,#CDCBCC,Eukaryota;-;-;-
NAO-all-MIX-0-8-5-00_bin-258,#CDCBCC,Eukaryota;-;-;-
SPO-all-SRF-0-8-5-00_bin-318,#31C4AB,Eukaryota;Stramenopiles;Ochrophyta;Dictyochophyceae
SO-all-SRF-0-8-5-00_bin-63,#1D8C8A,Eukaryota;Stramenopiles;Ochrophyta;Bacillariophyta
MS-all-SRF-0-8-5-00_bin-425,#A2D520,Eukaryota;Archaeplastida;Chlorophyta;Mamiellophyceae
IO-all-DCM-0-8-5-00_bin-325,#6EAA93,Eukaryota;SAR
RS-all-SRF-0-8-5-00_bin-39,#A2D520,Eukaryota;Archaeplastida;Chlorophyta;Mamiellophyceae
SPO-all-SRF-180-2000-00_bin-17,#481358,Eukaryota;Metazoa;Arthropoda;Branchiopoda
NAO-all-MIX-0-8-5-00_bin-275,#19A39A,Eukaryota;Stramenopiles;Ochrophyta;Bolidophyceae
SPO-SPSG-SRF-20-180-00_bin-100,#2F0D3B,Eukaryota;Metazoa;-;-
IO-all-SRF-0-8-5-00_bin-341,#DFF2A6,Eukaryota;Archaeplastida;Chlorophyta;-
SPO-all-SRF-20-180-00_bin-173,#481358,Eukaryota;Metazoa;Arthropoda;-
NAO-all-DCM-0-8-5-00_bin-160,#A2D520,Eukaryota;Archaeplastida;Chlorophyta;Mamiellophyceae
NAO-all-MIX-0-8-5-00_bin-279,#6EAA93,Eukaryota;SAR
NPO-all-DCM-0-8-5-00_bin-249,#1D8C8A,Eukaryota;Stramenopiles;Ochrophyta;Bacillariophyta
MS-all-DCM-20-180-00_bin-25,#481358,Eukaryota;Metazoa;Arthropoda;-
SAO-all-SRF-5-20-00_bin-16,#821C4A,Eukaryota;Opisthokonta;Fungi;Ascomycota
NAO-all-SRF-0-8-5-00_bin-550,#A2D520,Eukaryota;Archaeplastida;Chlorophyta;Mamiellophyceae
SPO-SPSG-SRF-0-8-5-00_bin-234,#DFF2A6,Eukaryota;Archaeplastida;Chlorophyta;-
MS-all-SRF-0-8-5-00_bin-93,#A2D520,Eukaryota;Archaeplastida;Chlorophyta;Mamiellophyceae
SPO-all-SRF-20-180-00_bin-172,#481358,Eukaryota;Metazoa;Arthropoda;Hexanauplia
MS-all-SRF-0-8-5-00_bin-310,#EB9E7A,Eukaryota;Hacrobia;Haptophyta;Prymnesiophyceae
NAO-all-MES-0-8-5-00_bin-372,#821C4A,Eukaryota;Opisthokonta;Fungi;Ascomycota
MS-all-SRF-5-20-00_bin-93,#481358,Eukaryota;Metazoa;Arthropoda;Hexanauplia
MS-all-DCM-0-8-5-00_bin-322,#95A919,Eukaryota;Archaeplastida;Chlorophyta;Prasino-Clade-V
NPO-all-SRF-0-8-5-00_bin-284,#CDCBCC,Eukaryota;-;-;-
MS-all-DCM-20-180-00_bin-41,#481358,Eukaryota;Metazoa;Arthropoda;-
IO-all-DCM-0-8-5-00_bin-323,#DFF2A6,Eukaryota;Archaeplastida;Chlorophyta;-
NAO-all-MIX-0-8-5-00_bin-144,#1EAEA0,Eukaryota;Stramenopiles;Ochrophyta;Chrysophyceae
SPO-CHIL-SRF-0-8-5-00_bin-122,#A2D520,Eukaryota;Archaeplastida;Chlorophyta;Mamiellophyceae
NAO-all-SRF-0-8-5-00_bin-253,#EB9E7A,Eukaryota;Hacrobia;Haptophyta;Prymnesiophyceae
SAO-all-SRF-0-8-5-00_bin-34,#1EAEA0,Eukaryota;Stramenopiles;Ochrophyta;Chrysophyceae
SPO-SPSG-SRF-20-180-00_bin-62,#D4EC83,Eukaryota;Archaeplastida;Chlorophyta;Chloropicophyceae
SPO-all-DCM-0-8-5-00_bin-275,#D4EC83,Eukaryota;Archaeplastida;Chlorophyta;Chloropicophyceae
NPO-all-SRF-0-8-5-00_bin-209,#2F0D3B,Eukaryota;Metazoa;-;-
SAO-all-DCM-0-8-5-00_bin-540,#95A919,Eukaryota;Archaeplastida;Chlorophyta;Prasino-Clade-V
MS-all-SRF-20-180-00_bin-27,#481358,Eukaryota;Metazoa;Arthropoda;-
NPO-all-SRF-0-8-5-00_bin-646,#6EAA93,Eukaryota;SAR
SAO-all-MES-0-8-5-00_bin-71,#821C4A,Eukaryota;Opisthokonta;Fungi;Ascomycota
SPO-CHIL-SRF-20-180-00_bin-16,#481358,Eukaryota;Metazoa;Arthropoda;-
SAO-all-DCM-0-8-5-00_bin-481,#6EAA93,Eukaryota;SAR
SAO-all-DCM-0-8-5-00_bin-245,#ACDCC8,Eukaryota;Stramenopiles;Ochrophyta;Pelagophyceae
SPO-all-SRF-20-180-00_bin-23,#481358,Eukaryota;Metazoa;Arthropoda;Hexanauplia
SPO-all-SRF-20-180-00_bin-120,#2F0D3B,Eukaryota;Metazoa;-;-
NAO-all-SRF-0-8-5-00_bin-316,#6EAA93,Eukaryota;SAR
SPO-all-DCM-0-8-5-00_bin-575,#821C4A,Eukaryota;Opisthokonta;Fungi;Ascomycota
SAO-all-DCM-0-8-5-00_bin-517,#D4EC83,Eukaryota;Archaeplastida;Chlorophyta;Chloropicophyceae
SO-all-DCM-0-8-5-00_bin-36,#6EAA93,Eukaryota;SAR
SPO-SPSG-SRF-20-180-00_bin-113,#481358,Eukaryota;Metazoa;Arthropoda;Hexanauplia
NPO-all-SRF-20-180-00_bin-73,#DFF2A6,Eukaryota;Archaeplastida;Chlorophyta;-
SAO-all-DCM-0-8-5-00_bin-539,#A2D520,Eukaryota;Archaeplastida;Chlorophyta;Mamiellophyceae
NAO-all-SRF-180-2000-00_bin-24,#481358,Eukaryota;Metazoa;Arthropoda;Branchiopoda
NPO-all-DCM-5-20-00_bin-42,#D4EC83,Eukaryota;Archaeplastida;Chlorophyta;Chloropicophyceae
SAO-all-SRF-0-8-5-00_bin-333,#1D8C8A,Eukaryota;Stramenopiles;Ochrophyta;Bacillariophyta
SPO-SPSG-DCM-0-8-5-00_bin-224,#821C4A,Eukaryota;Opisthokonta;Fungi;Ascomycota
SAO-all-DCM-0-8-5-00_bin-218,#A2D520,Eukaryota;Archaeplastida;Chlorophyta;Mamiellophyceae
SAO-all-SRF-0-8-5-00_bin-484,#A2D520,Eukaryota;Archaeplastida;Chlorophyta;Mamiellophyceae
SPO-SPSG-SRF-20-180-00_bin-71,#481358,Eukaryota;Metazoa;Arthropoda;-
NAO-all-DCM-20-180-00_bin-2,#481358,Eukaryota;Metazoa;Arthropoda;Hexanauplia
NAO-all-MIX-20-180-00_bin-35,#481358,Eukaryota;Metazoa;Arthropoda;Hexanauplia
RS-all-SRF-0-8-5-00_bin-83,#A2D520,Eukaryota;Archaeplastida;Chlorophyta;Mamiellophyceae
IO-all-DCM-0-8-5-00_bin-344,#1D8C8A,Eukaryota;Stramenopiles;Ochrophyta;Bacillariophyta
MS-all-DCM-0-8-5-00_bin-318,#1EAEA0,Eukaryota;Stramenopiles;Ochrophyta;Chrysophyceae
NAO-all-SRF-0-8-5-00_bin-231,#95A919,Eukaryota;Archaeplastida;Chlorophyta;Prasino-Clade-V
SPO-SPSG-SRF-0-8-5-00_bin-673,#DFF2A6,Eukaryota;Archaeplastida;Chlorophyta;-
SO-all-SRF-0-8-5-00_bin-110,#ACDCC8,Eukaryota;Stramenopiles;Ochrophyta;Pelagophyceae
SPO-PEOD-SRF-20-180-00_bin-12,#481358,Eukaryota;Metazoa;Arthropoda;Hexanauplia
SPO-all-SRF-0-8-5-00_bin-460,#6EAA93,Eukaryota;SAR
SPO-SPSG-SRF-0-8-5-00_bin-207,#CDCBCC,Eukaryota;-;-;-
NPO-all-SRF-0-8-5-00_bin-146,#1EAEA0,Eukaryota;Stramenopiles;Ochrophyta;Chrysophyceae
SPO-all-SRF-0-8-5-00_bin-505,#31C4AB,Eukaryota;Stramenopiles;Ochrophyta;Dictyochophyceae
SPO-SPSG-SRF-0-8-5-00_bin-82,#DFF2A6,Eukaryota;Archaeplastida;Chlorophyta;-
NPO-all-SRF-20-180-00_bin-86,#481358,Eukaryota;Metazoa;Arthropoda;Hexanauplia
SPO-all-SRF-0-8-5-00_bin-986,#7DB61B,Eukaryota;Archaeplastida;Chlorophyta;Palmophyllophyceae
IO-all-DCM-20-180-00_bin-84,#DFF2A6,Eukaryota;Archaeplastida;Chlorophyta;-
IO-all-SRF-180-2000-00_bin-58,#481358,Eukaryota;Metazoa;Arthropoda;Hexanauplia
MS-all-SRF-20-180-00_bin-58,#481358,Eukaryota;Metazoa;Arthropoda;Hexanauplia
NAO-all-SRF-0-8-5-00_bin-662,#1D8C8A,Eukaryota;Stramenopiles;Ochrophyta;Bacillariophyta
NPO-all-DCM-20-180-00_bin-60,#2F0D3B,Eukaryota;Metazoa;-;-
NAO-all-DCM-5-20-00_bin-6,#481358,Eukaryota;Metazoa;Arthropoda;Hexanauplia
NPO-all-SRF-0-8-5-00_bin-575,#6EAA93,Eukaryota;SAR
NAO-all-MIX-20-180-00_bin-28,#481358,Eukaryota;Metazoa;Arthropoda;-
SPO-all-SRF-0-8-5-00_bin-226,#BAAB1C,Eukaryota;Hacrobia;Cryptophyta;Cryptophyceae
MS-all-SRF-20-180-00_bin-70,#481358,Eukaryota;Metazoa;Arthropoda;-
NAO-all-MIX-0-8-5-00_bin-161,#D4EC83,Eukaryota;Archaeplastida;Chlorophyta;Chloropicophyceae
MS-all-SRF-0-8-5-00_bin-172,#95A919,Eukaryota;Archaeplastida;Chlorophyta;Prasino-Clade-V
NAO-all-DCM-0-8-5-00_bin-171,#A2D520,Eukaryota;Archaeplastida;Chlorophyta;Mamiellophyceae
NAO-all-MIX-20-180-00_bin-13,#481358,Eukaryota;Metazoa;Arthropoda;-
IO-all-SRF-0-8-5-00_bin-250,#A2D520,Eukaryota;Archaeplastida;Chlorophyta;Mamiellophyceae
MS-all-SRF-0-8-5-00_bin-198,#BAAB1C,Eukaryota;Hacrobia;Cryptophyta;Cryptophyceae
NPO-all-SRF-0-8-5-00_bin-407,#DFF2A6,Eukaryota;Archaeplastida;Chlorophyta;-
SAO-all-SRF-180-2000-00_bin-31,#2F0D3B,Eukaryota;Metazoa;-;-
NAO-all-SRF-0-8-5-00_bin-23,#1EAEA0,Eukaryota;Stramenopiles;Ochrophyta;Chrysophyceae
SAO-all-SRF-20-180-00_bin-78,#481358,Eukaryota;Metazoa;Arthropoda;Hexanauplia
NAO-all-SRF-0-8-5-00_bin-300,#EB9E7A,Eukaryota;Hacrobia;Haptophyta;Prymnesiophyceae
SO-all-DCM-0-8-5-00_bin-52,#1D8C8A,Eukaryota;Stramenopiles;Ochrophyta;Bacillariophyta
SPO-all-SRF-0-8-5-00_bin-880,#EB9E7A,Eukaryota;Hacrobia;Haptophyta;Prymnesiophyceae
IO-all-SRF-5-20-00_bin-71,#2F0D3B,Eukaryota;Metazoa;-;-
SAO-all-DCM-0-8-5-00_bin-253,#6EAA93,Eukaryota;SAR
SAO-all-DCM-0-8-5-00_bin-271,#A2D520,Eukaryota;Archaeplastida;Chlorophyta;Mamiellophyceae
NPO-all-SRF-0-8-5-00_bin-455,#6EAA93,Eukaryota;SAR
RS-all-DCM-0-8-5-00_bin-46,#A2D520,Eukaryota;Archaeplastida;Chlorophyta;Mamiellophyceae
MS-all-DCM-5-20-00_bin-19,#481358,Eukaryota;Metazoa;Arthropoda;Hexanauplia
IO-all-SRF-0-8-5-00_bin-290,#DFF2A6,Eukaryota;Archaeplastida;Chlorophyta;-
IO-all-SRF-0-8-5-00_bin-548,#1EAEA0,Eukaryota;Stramenopiles;Ochrophyta;Chrysophyceae
NPO-all-DCM-0-8-5-00_bin-211,#DFF2A6,Eukaryota;Archaeplastida;Chlorophyta;-
MS-all-SRF-20-180-00_bin-6,#481358,Eukaryota;Metazoa;Arthropoda;Hexanauplia
IO-all-SRF-0-8-5-00_bin-141,#6EAA93,Eukaryota;SAR
SAO-all-DCM-0-8-5-00_bin-418,#6EAA93,Eukaryota;SAR
IO-all-FSW-0-8-5-00_bin-66,#CDCBCC,Eukaryota;-;-;-
IO-all-SRF-0-8-5-00_bin-21,#DFF2A6,Eukaryota;Archaeplastida;Chlorophyta;-
MS-all-SRF-20-180-00_bin-44,#481358,Eukaryota;Metazoa;Arthropoda;Hexanauplia
NAO-all-SRF-5-20-00_bin-3,#481358,Eukaryota;Metazoa;Arthropoda;Hexanauplia
MS-all-SRF-0-8-5-00_bin-405,#1EAEA0,Eukaryota;Stramenopiles;Ochrophyta;Chrysophyceae
NPO-all-SRF-20-180-00_bin-72,#481358,Eukaryota;Metazoa;Arthropoda;-
NPO-all-DCM-0-8-5-00_bin-310,#19A39A,Eukaryota;Stramenopiles;Ochrophyta;Bolidophyceae
RS-all-SRF-0-8-5-00_bin-17,#1D8C8A,Eukaryota;Stramenopiles;Ochrophyta;Bacillariophyta
IO-all-SRF-20-180-00_bin-36,#481358,Eukaryota;Metazoa;Arthropoda;-
SPO-PEOD-SRF-0-8-5-00_bin-91,#DFF2A6,Eukaryota;Archaeplastida;Chlorophyta;-
IO-all-DCM-0-8-5-00_bin-120,#A2D520,Eukaryota;Archaeplastida;Chlorophyta;Mamiellophyceae
NPO-all-SRF-0-8-5-00_bin-556,#A2D520,Eukaryota;Archaeplastida;Chlorophyta;Mamiellophyceae
IO-all-SRF-0-8-5-00_bin-348,#6EAA93,Eukaryota;SAR
NPO-all-SRF-180-2000-00_bin-25,#481358,Eukaryota;Metazoa;Arthropoda;Hexanauplia
SPO-all-SRF-0-8-5-00_bin-775,#CDCBCC,Eukaryota;-;-;-
NAO-all-SRF-20-180-00_bin-42,#481358,Eukaryota;Metazoa;Arthropoda;Hexanauplia
MS-all-DCM-0-8-5-00_bin-320,#A2D520,Eukaryota;Archaeplastida;Chlorophyta;Mamiellophyceae
NAO-all-MIX-0-8-5-00_bin-168,#6EAA93,Eukaryota;SAR
SAO-all-SRF-0-8-5-00_bin-538,#28867E,Eukaryota;Stramenopiles;-;-
SPO-SPSG-SRF-180-2000-00_bin-10,#2F0D3B,Eukaryota;Metazoa;-;-
NPO-all-SRF-0-8-5-00_bin-490,#EB9E7A,Eukaryota;Hacrobia;Haptophyta;Prymnesiophyceae
SPO-SPSG-DCM-0-8-5-00_bin-173,#A2D520,Eukaryota;Archaeplastida;Chlorophyta;Mamiellophyceae
MS-all-SRF-0-8-5-00_bin-542,#1EAEA0,Eukaryota;Stramenopiles;Ochrophyta;Chrysophyceae
IO-all-DCM-20-180-00_bin-62,#A2D520,Eukaryota;Archaeplastida;Chlorophyta;Mamiellophyceae
IO-all-SRF-180-2000-00_bin-30,#2F0D3B,Eukaryota;Metazoa;-;-
NAO-all-DCM-0-8-5-00_bin-110,#A2D520,Eukaryota;Archaeplastida;Chlorophyta;Mamiellophyceae
NPO-all-DCM-20-180-00_bin-73,#481358,Eukaryota;Metazoa;Arthropoda;-
SAO-all-SRF-20-180-00_bin-36,#481358,Eukaryota;Metazoa;Arthropoda;-
SAO-all-DCM-20-180-00_bin-11,#481358,Eukaryota;Metazoa;Arthropoda;-
SPO-all-SRF-0-8-5-00_bin-931,#DFF2A6,Eukaryota;Archaeplastida;Chlorophyta;-
MS-all-DCM-0-8-5-00_bin-256,#A2D520,Eukaryota;Archaeplastida;Chlorophyta;Mamiellophyceae
SAO-all-DCM-0-8-5-00_bin-248,#CDCBCC,Eukaryota;-;-;-
NAO-all-DCM-20-180-00_bin-25,#481358,Eukaryota;Metazoa;Arthropoda;Hexanauplia
SAO-all-DCM-180-2000-00_bin-12,#481358,Eukaryota;Metazoa;Arthropoda;Hexanauplia
IO-all-SRF-0-8-5-00_bin-256,#6EAA93,Eukaryota;SAR
MS-all-SRF-180-2000-00_bin-8,#481358,Eukaryota;Metazoa;Arthropoda;Hexanauplia
SPO-all-SRF-0-8-5-00_bin-499,#6EAA93,Eukaryota;SAR
SAO-all-SRF-0-8-5-00_bin-590,#31C4AB,Eukaryota;Stramenopiles;Ochrophyta;Dictyochophyceae
NAO-all-SRF-0-8-5-00_bin-366,#A2D520,Eukaryota;Archaeplastida;Chlorophyta;Mamiellophyceae
NAO-all-DCM-20-180-00_bin-23,#481358,Eukaryota;Metazoa;Arthropoda;-
IO-all-SRF-180-2000-00_bin-7,#481358,Eukaryota;Metazoa;Arthropoda;Branchiopoda
NAO-all-SRF-0-8-5-00_bin-273,#6EAA93,Eukaryota;SAR
SPO-SPSG-SRF-0-8-5-00_bin-565,#2F0D3B,Eukaryota;Metazoa;-;-
NPO-all-DCM-0-8-5-00_bin-431,#A2D520,Eukaryota;Archaeplastida;Chlorophyta;Mamiellophyceae
NPO-all-SRF-0-8-5-00_bin-249,#6EAA93,Eukaryota;SAR
NAO-all-DCM-0-8-5-00_bin-69,#1D8C8A,Eukaryota;Stramenopiles;Ochrophyta;Bacillariophyta
SPO-all-SRF-0-8-5-00_bin-25,#DFF2A6,Eukaryota;Archaeplastida;Chlorophyta;-
NPO-all-SRF-0-8-5-00_bin-126,#DFF2A6,Eukaryota;Archaeplastida;Chlorophyta;-
IO-all-SRF-0-8-5-00_bin-105,#1EAEA0,Eukaryota;Stramenopiles;Ochrophyta;Chrysophyceae
SPO-CHIL-SRF-180-2000-00_bin-2,#1D8C8A,Eukaryota;Stramenopiles;Ochrophyta;Bacillariophyta
MS-all-SRF-0-8-5-00_bin-263,#A2D520,Eukaryota;Archaeplastida;Chlorophyta;Mamiellophyceae
SPO-all-SRF-180-2000-00_bin-146,#481358,Eukaryota;Metazoa;Arthropoda;-
RS-all-SRF-0-8-5-00_bin-7,#BAAB1C,Eukaryota;Hacrobia;Cryptophyta;Cryptophyceae
SPO-all-SRF-0-8-5-00_bin-975,#DFF2A6,Eukaryota;Archaeplastida;Chlorophyta;-
SAO-all-DCM-0-8-5-00_bin-181,#EB9E7A,Eukaryota;Hacrobia;Haptophyta;Prymnesiophyceae
SPO-all-SRF-180-2000-00_bin-214,#2F0D3B,Eukaryota;Metazoa;-;-
NPO-all-SRF-0-8-5-00_bin-113,#CDCBCC,Eukaryota;-;-;-
IO-all-SRF-0-8-5-00_bin-538,#1D8C8A,Eukaryota;Stramenopiles;Ochrophyta;Bacillariophyta
SPO-all-DCM-0-8-5-00_bin-527,#CDCBCC,Eukaryota;-;-;-
SAO-all-SRF-0-8-5-00_bin-366,#EB9E7A,Eukaryota;Hacrobia;Haptophyta;Prymnesiophyceae
SPO-CHIL-SRF-0-8-5-00_bin-249,#A2D520,Eukaryota;Archaeplastida;Chlorophyta;Mamiellophyceae
SAO-all-SRF-0-8-5-00_bin-459,#A2D520,Eukaryota;Archaeplastida;Chlorophyta;Mamiellophyceae
NPO-all-DCM-0-8-5-00_bin-17,#6EAA93,Eukaryota;SAR
NAO-all-SRF-0-8-5-00_bin-507,#A2D520,Eukaryota;Archaeplastida;Chlorophyta;Mamiellophyceae
NPO-all-SRF-20-180-00_bin-25,#481358,Eukaryota;Metazoa;Arthropoda;-
NAO-all-SRF-0-8-5-00_bin-142,#A2D520,Eukaryota;Archaeplastida;Chlorophyta;Mamiellophyceae
SO-all-SRF-0-8-5-00_bin-20,#1D8C8A,Eukaryota;Stramenopiles;Ochrophyta;Bacillariophyta
SAO-all-SRF-0-8-5-00_bin-266,#6EAA93,Eukaryota;SAR
SAO-all-DCM-0-8-5-00_bin-320,#A2D520,Eukaryota;Archaeplastida;Chlorophyta;Mamiellophyceae
SPO-SPSG-SRF-20-180-00_bin-164,#481358,Eukaryota;Metazoa;Arthropoda;Hexanauplia
SPO-all-DCM-0-8-5-00_bin-35,#A2D520,Eukaryota;Archaeplastida;Chlorophyta;Mamiellophyceae
SPO-all-SRF-0-8-5-00_bin-761,#A2D520,Eukaryota;Archaeplastida;Chlorophyta;Mamiellophyceae
MS-all-SRF-0-8-5-00_bin-479,#6EAA93,Eukaryota;SAR
SO-all-SRF-0-8-5-00_bin-43,#CDCBCC,Eukaryota;-;-;-
MS-all-DCM-0-8-5-00_bin-94,#6EAA93,Eukaryota;SAR
NAO-all-DCM-0-8-5-00_bin-243,#A2D520,Eukaryota;Archaeplastida;Chlorophyta;Mamiellophyceae
NAO-all-MIX-0-8-5-00_bin-193,#1D8C8A,Eukaryota;Stramenopiles;Ochrophyta;Bacillariophyta
RS-all-SRF-180-2000-00_bin-9,#481358,Eukaryota;Metazoa;Arthropoda;Hexanauplia
SPO-all-SRF-0-8-5-00_bin-341,#EB9E7A,Eukaryota;Hacrobia;Haptophyta;Prymnesiophyceae
MS-all-SRF-0-8-5-00_bin-226,#A2D520,Eukaryota;Archaeplastida;Chlorophyta;Mamiellophyceae
NPO-all-SRF-0-8-5-00_bin-530,#1D8C8A,Eukaryota;Stramenopiles;Ochrophyta;Bacillariophyta
MS-all-DCM-0-8-5-00_bin-53,#A2D520,Eukaryota;Archaeplastida;Chlorophyta;Mamiellophyceae
MS-all-DCM-20-180-00_bin-38,#1D8C8A,Eukaryota;Stramenopiles;Ochrophyta;Bacillariophyta
SPO-all-SRF-0-8-5-00_bin-1028,#1EAEA0,Eukaryota;Stramenopiles;Ochrophyta;Chrysophyceae
SO-all-SRF-0-8-5-00_bin-50,#6EAA93,Eukaryota;SAR
MS-all-SRF-20-180-00_bin-87,#481358,Eukaryota;Metazoa;Arthropoda;-
SPO-all-SRF-0-8-5-00_bin-907,#CDCBCC,Eukaryota;-;-;-
NPO-all-MES-0-8-5-00_bin-101,#CDCBCC,Eukaryota;-;-;-
SPO-all-SRF-0-8-5-00_bin-906,#D4EC83,Eukaryota;Archaeplastida;Chlorophyta;Chloropicophyceae
MS-all-SRF-180-2000-00_bin-37,#481358,Eukaryota;Metazoa;Arthropoda;Branchiopoda
SAO-all-SRF-0-8-5-00_bin-284,#DFF2A6,Eukaryota;Archaeplastida;Chlorophyta;-
IO-all-DCM-0-8-5-00_bin-104,#BAAB1C,Eukaryota;Hacrobia;Cryptophyta;Cryptophyceae
SPO-SPSG-SRF-0-8-5-00_bin-578,#6EAA93,Eukaryota;SAR
SPO-SPSG-SRF-0-8-5-00_bin-285,#6EAA93,Eukaryota;SAR
SAO-all-SRF-0-8-5-00_bin-575,#7DB61B,Eukaryota;Archaeplastida;Chlorophyta;Palmophyllophyceae
IO-all-SRF-0-8-5-00_bin-380,#CDCBCC,Eukaryota;-;-;-
IO-all-SRF-0-8-5-00_bin-260,#6EAA93,Eukaryota;SAR
IO-all-FSW-0-8-5-00_bin-88,#DFF2A6,Eukaryota;Archaeplastida;Chlorophyta;-
SPO-CHIL-SRF-180-2000-00_bin-57,#2F0D3B,Eukaryota;Metazoa;-;-
SPO-CHIL-SRF-0-8-5-00_bin-39,#A2D520,Eukaryota;Archaeplastida;Chlorophyta;Mamiellophyceae
SPO-SPSG-SRF-0-8-5-00_bin-580,#1D8C8A,Eukaryota;Stramenopiles;Ochrophyta;Bacillariophyta
MS-all-SRF-0-8-5-00_bin-131,#6EAA93,Eukaryota;SAR
NPO-all-DCM-0-8-5-00_bin-379,#A2D520,Eukaryota;Archaeplastida;Chlorophyta;Mamiellophyceae
IO-all-DCM-0-8-5-00_bin-157,#6EAA93,Eukaryota;SAR
SAO-all-DCM-0-8-5-00_bin-322,#6EAA93,Eukaryota;SAR
SAO-all-DCM-0-8-5-00_bin-588,#62CBB2,Eukaryota;Alveolata;Dinoflagellata;Dinophyceae
MS-all-SRF-0-8-5-00_bin-298,#DFF2A6,Eukaryota;Archaeplastida;Chlorophyta;-
SPO-all-SRF-20-180-00_bin-88,#DFF2A6,Eukaryota;Archaeplastida;Chlorophyta;-
NAO-all-MIX-0-8-5-00_bin-96,#D4EC83,Eukaryota;Archaeplastida;Chlorophyta;Chloropicophyceae
MS-all-SRF-180-2000-00_bin-24,#481358,Eukaryota;Metazoa;Arthropoda;Branchiopoda
MS-all-SRF-20-180-00_bin-65,#481358,Eukaryota;Metazoa;Arthropoda;Hexanauplia
IO-all-DCM-20-180-00_bin-38,#481358,Eukaryota;Metazoa;Arthropoda;Hexanauplia
MS-all-DCM-0-8-5-00_bin-323,#A2D520,Eukaryota;Archaeplastida;Chlorophyta;Mamiellophyceae
NPO-all-SRF-0-8-5-00_bin-306,#DFF2A6,Eukaryota;Archaeplastida;Chlorophyta;-
IO-all-DCM-20-180-00_bin-103,#481358,Eukaryota;Metazoa;Arthropoda;-
IO-all-SRF-0-8-5-00_bin-126,#EB9E7A,Eukaryota;Hacrobia;Haptophyta;Prymnesiophyceae
MS-all-DCM-180-2000-00_bin-37,#481358,Eukaryota;Metazoa;Arthropoda;Hexanauplia
NPO-all-SRF-0-8-5-00_bin-232,#D4EC83,Eukaryota;Archaeplastida;Chlorophyta;Chloropicophyceae
NAO-all-SRF-0-8-5-00_bin-169,#A2D520,Eukaryota;Archaeplastida;Chlorophyta;Mamiellophyceae
NAO-all-SRF-0-8-5-00_bin-499,#7DB61B,Eukaryota;Archaeplastida;Chlorophyta;Palmophyllophyceae
SPO-CHIL-SRF-0-8-5-00_bin-213,#1EAEA0,Eukaryota;Stramenopiles;Ochrophyta;Chrysophyceae
IO-all-SRF-0-8-5-00_bin-243,#6EAA93,Eukaryota;SAR
SPO-SPSG-SRF-0-8-5-00_bin-290,#31C4AB,Eukaryota;Stramenopiles;Ochrophyta;Dictyochophyceae
NPO-all-DCM-0-8-5-00_bin-237,#DFF2A6,Eukaryota;Archaeplastida;Chlorophyta;-
SPO-SPSG-SRF-0-8-5-00_bin-608,#A2D520,Eukaryota;Archaeplastida;Chlorophyta;Mamiellophyceae
RS-all-SRF-20-180-00_bin-27,#481358,Eukaryota;Metazoa;Arthropoda;Hexanauplia
NPO-all-SRF-5-20-00_bin-20,#D4EC83,Eukaryota;Archaeplastida;Chlorophyta;Chloropicophyceae
NAO-all-SRF-0-8-5-00_bin-631,#A2D520,Eukaryota;Archaeplastida;Chlorophyta;Mamiellophyceae
IO-all-SRF-0-8-5-00_bin-223,#CDCBCC,Eukaryota;-;-;-
IO-all-DCM-20-180-00_bin-66,#2F0D3B,Eukaryota;Metazoa;-;-
SPO-SPSG-SRF-0-8-5-00_bin-27,#7DB61B,Eukaryota;Archaeplastida;Chlorophyta;Palmophyllophyceae
SAO-all-SRF-0-8-5-00_bin-592,#1EAEA0,Eukaryota;Stramenopiles;Ochrophyta;Chrysophyceae
NAO-all-SRF-0-8-5-00_bin-297,#CDCBCC,Eukaryota;-;-;-
IO-all-SRF-20-180-00_bin-26,#DFF2A6,Eukaryota;Archaeplastida;Chlorophyta;-
SPO-all-SRF-0-8-5-00_bin-469,#6EAA93,Eukaryota;SAR
NPO-all-SRF-0-8-5-00_bin-15,#31C4AB,Eukaryota;Stramenopiles;Ochrophyta;Dictyochophyceae
NAO-all-SRF-5-20-00_bin-26,#481358,Eukaryota;Metazoa;Arthropoda;-
SPO-all-SRF-180-2000-00_bin-318,#481358,Eukaryota;Metazoa;Arthropoda;Hexanauplia
IO-all-DCM-0-8-5-00_bin-21,#6EAA93,Eukaryota;SAR
IO-all-DCM-0-8-5-00_bin-17,#DFF2A6,Eukaryota;Archaeplastida;Chlorophyta;-
IO-all-DCM-0-8-5-00_bin-351,#6EAA93,Eukaryota;SAR
NAO-all-SRF-0-8-5-00_bin-152,#CDCBCC,Eukaryota;-;-;-
SPO-all-SRF-0-8-5-00_bin-561,#6EAA93,Eukaryota;SAR
IO-all-MES-0-8-5-00_bin-59,#821C4A,Eukaryota;Opisthokonta;Fungi;Ascomycota
NAO-all-SRF-0-8-5-00_bin-745,#D4EC83,Eukaryota;Archaeplastida;Chlorophyta;Chloropicophyceae
NAO-all-SRF-0-8-5-00_bin-339,#BAAB1C,Eukaryota;Hacrobia;Cryptophyta;Cryptophyceae
NPO-all-DCM-20-180-00_bin-49,#481358,Eukaryota;Metazoa;Arthropoda;-
SPO-SPSG-SRF-0-8-5-00_bin-379,#DFF2A6,Eukaryota;Archaeplastida;Chlorophyta;-
SAO-all-DCM-0-8-5-00_bin-431,#BAAB1C,Eukaryota;Hacrobia;Cryptophyta;Cryptophyceae
NPO-all-MES-0-8-5-00_bin-198,#821C4A,Eukaryota;Opisthokonta;Fungi;Ascomycota
SPO-all-SRF-0-8-5-00_bin-551,#A2D520,Eukaryota;Archaeplastida;Chlorophyta;Mamiellophyceae
SAO-all-DCM-0-8-5-00_bin-441,#1D8C8A,Eukaryota;Stramenopiles;Ochrophyta;Bacillariophyta
SPO-PEOD-SRF-5-20-00_bin-37,#DFF2A6,Eukaryota;Archaeplastida;Chlorophyta;-
IO-all-SRF-0-8-5-00_bin-183,#6EAA93,Eukaryota;SAR
SPO-CHIL-SRF-0-8-5-00_bin-134,#1D8C8A,Eukaryota;Stramenopiles;Ochrophyta;Bacillariophyta
SAO-all-SRF-0-8-5-00_bin-297,#1D8C8A,Eukaryota;Stramenopiles;Ochrophyta;Bacillariophyta
SAO-all-SRF-0-8-5-00_bin-171,#A2D520,Eukaryota;Archaeplastida;Chlorophyta;Mamiellophyceae
SPO-all-SRF-20-180-00_bin-125,#D4EC83,Eukaryota;Archaeplastida;Chlorophyta;Chloropicophyceae
SPO-SPSG-DCM-20-180-00_bin-25,#481358,Eukaryota;Metazoa;Arthropoda;-
SPO-all-SRF-0-8-5-00_bin-234,#EB9E7A,Eukaryota;Hacrobia;Haptophyta;Prymnesiophyceae
NPO-all-DCM-0-8-5-00_bin-390,#821C4A,Eukaryota;Opisthokonta;Fungi;Ascomycota
NPO-all-SRF-0-8-5-00_bin-297,#EB9E7A,Eukaryota;Hacrobia;Haptophyta;Prymnesiophyceae
SPO-SPSG-SRF-20-180-00_bin-59,#481358,Eukaryota;Metazoa;Arthropoda;Hexanauplia
MS-all-DCM-0-8-5-00_bin-366,#EB9E7A,Eukaryota;Hacrobia;Haptophyta;Prymnesiophyceae
NAO-all-SRF-0-8-5-00_bin-523,#BAAB1C,Eukaryota;Hacrobia;Cryptophyta;Cryptophyceae
SPO-all-SRF-180-2000-00_bin-136,#61186D,Eukaryota;Metazoa;Cnidaria;Anthozoa
SAO-all-SRF-0-8-5-00_bin-71,#1D8C8A,Eukaryota;Stramenopiles;Ochrophyta;Bacillariophyta
MS-all-SRF-20-180-00_bin-12,#481358,Eukaryota;Metazoa;Arthropoda;-
IO-all-SRF-180-2000-00_bin-44,#DFF2A6,Eukaryota;Archaeplastida;Chlorophyta;-
IO-all-DCM-0-8-5-00_bin-353,#A2D520,Eukaryota;Archaeplastida;Chlorophyta;Mamiellophyceae
NPO-all-SRF-5-20-00_bin-9,#DFF2A6,Eukaryota;Archaeplastida;Chlorophyta;-
SAO-all-SRF-0-8-5-00_bin-141,#CDCBCC,Eukaryota;-;-;-
NAO-all-SRF-0-8-5-00_bin-320,#A2D520,Eukaryota;Archaeplastida;Chlorophyta;Mamiellophyceae
SPO-PEOD-SRF-5-20-00_bin-8,#D4EC83,Eukaryota;Archaeplastida;Chlorophyta;Chloropicophyceae
SAO-all-MES-0-8-5-00_bin-84,#CDCBCC,Eukaryota;-;-;-
NAO-all-SRF-20-180-00_bin-6,#481358,Eukaryota;Metazoa;Arthropoda;Hexanauplia
SAO-all-SRF-180-2000-00_bin-37,#481358,Eukaryota;Metazoa;Arthropoda;Branchiopoda
SPO-all-SRF-180-2000-00_bin-279,#1D8C8A,Eukaryota;Stramenopiles;Ochrophyta;Bacillariophyta
SAO-all-DCM-0-8-5-00_bin-282,#EB9E7A,Eukaryota;Hacrobia;Haptophyta;Prymnesiophyceae
IO-all-FSW-0-8-5-00_bin-83,#DFF2A6,Eukaryota;Archaeplastida;Chlorophyta;-
SPO-SPSG-SRF-180-2000-00_bin-129,#2F0D3B,Eukaryota;Metazoa;-;-
NAO-all-DCM-0-8-5-00_bin-34,#BAAB1C,Eukaryota;Hacrobia;Cryptophyta;Cryptophyceae
MS-all-SRF-0-8-5-00_bin-588,#31C4AB,Eukaryota;Stramenopiles;Ochrophyta;Dictyochophyceae
SAO-all-SRF-0-8-5-00_bin-49,#EB9E7A,Eukaryota;Hacrobia;Haptophyta;Prymnesiophyceae
NAO-all-SRF-0-8-5-00_bin-167,#EB9E7A,Eukaryota;Hacrobia;Haptophyta;Prymnesiophyceae
MS-all-SRF-0-8-5-00_bin-582,#6EAA93,Eukaryota;SAR
SPO-SPSG-SRF-180-2000-00_bin-205,#481358,Eukaryota;Metazoa;Arthropoda;Branchiopoda
RS-all-SRF-0-8-5-00_bin-50,#A2D520,Eukaryota;Archaeplastida;Chlorophyta;Mamiellophyceae
SPO-PEOD-DCM-0-8-5-00_bin-41,#DFF2A6,Eukaryota;Archaeplastida;Chlorophyta;-
SAO-all-SRF-0-8-5-00_bin-241,#6EAA93,Eukaryota;SAR
NPO-all-SRF-0-8-5-00_bin-371,#DFF2A6,Eukaryota;Archaeplastida;Chlorophyta;-
IO-all-SRF-0-8-5-00_bin-22,#A2D520,Eukaryota;Archaeplastida;Chlorophyta;Mamiellophyceae
SPO-SPSG-SRF-20-180-00_bin-93,#481358,Eukaryota;Metazoa;Arthropoda;-
SPO-all-SRF-0-8-5-00_bin-664,#EB9E7A,Eukaryota;Hacrobia;Haptophyta;Prymnesiophyceae
SAO-all-DCM-0-8-5-00_bin-594,#EB9E7A,Eukaryota;Hacrobia;Haptophyta;Prymnesiophyceae
SPO-all-SRF-0-8-5-00_bin-130,#A2D520,Eukaryota;Archaeplastida;Chlorophyta;Mamiellophyceae
MS-all-SRF-0-8-5-00_bin-158,#31C4AB,Eukaryota;Stramenopiles;Ochrophyta;Dictyochophyceae
IO-all-SRF-0-8-5-00_bin-406,#A2D520,Eukaryota;Archaeplastida;Chlorophyta;Mamiellophyceae
MS-all-SRF-0-8-5-00_bin-584,#A2D520,Eukaryota;Archaeplastida;Chlorophyta;Mamiellophyceae
IO-all-SRF-20-180-00_bin-121,#481358,Eukaryota;Metazoa;Arthropoda;Hexanauplia
IO-all-DCM-0-8-5-00_bin-12,#EB9E7A,Eukaryota;Hacrobia;Haptophyta;Prymnesiophyceae
SAO-all-SRF-0-8-5-00_bin-583,#31C4AB,Eukaryota;Stramenopiles;Ochrophyta;Dictyochophyceae
SPO-PEOD-DCM-20-180-00_bin-18,#481358,Eukaryota;Metazoa;Arthropoda;-
SPO-SPSG-DCM-20-180-00_bin-1,#481358,Eukaryota;Metazoa;Arthropoda;Hexanauplia
SPO-PEOD-DCM-20-180-00_bin-4,#481358,Eukaryota;Metazoa;Arthropoda;-
IO-all-DCM-0-8-5-00_bin-320,#DFF2A6,Eukaryota;Archaeplastida;Chlorophyta;-
SPO-all-DCM-0-8-5-00_bin-332,#D4EC83,Eukaryota;Archaeplastida;Chlorophyta;Chloropicophyceae
NPO-all-SRF-180-2000-00_bin-18,#481358,Eukaryota;Metazoa;Arthropoda;Hexanauplia
IO-all-DCM-20-180-00_bin-57,#A2D520,Eukaryota;Archaeplastida;Chlorophyta;Mamiellophyceae
SAO-all-DCM-0-8-5-00_bin-465,#CDCBCC,Eukaryota;-;-;-
IO-all-DCM-20-180-00_bin-54,#481358,Eukaryota;Metazoa;Arthropoda;-
SPO-all-SRF-0-8-5-00_bin-165,#DFF2A6,Eukaryota;Archaeplastida;Chlorophyta;-
SPO-all-SRF-0-8-5-00_bin-825,#1D8C8A,Eukaryota;Stramenopiles;Ochrophyta;Bacillariophyta
NPO-all-DCM-5-20-00_bin-24,#DFF2A6,Eukaryota;Archaeplastida;Chlorophyta;-
NPO-all-DCM-20-180-00_bin-55,#DFF2A6,Eukaryota;Archaeplastida;Chlorophyta;-
NPO-all-SRF-20-180-00_bin-17,#481358,Eukaryota;Metazoa;Arthropoda;Hexanauplia
RS-all-DCM-20-180-00_bin-3,#481358,Eukaryota;Metazoa;Arthropoda;-
NAO-all-MIX-0-8-5-00_bin-34,#A2D520,Eukaryota;Archaeplastida;Chlorophyta;Mamiellophyceae
SPO-SPSG-SRF-5-20-00_bin-108,#2F0D3B,Eukaryota;Metazoa;-;-
SPO-all-SRF-20-180-00_bin-146,#481358,Eukaryota;Metazoa;Arthropoda;Hexanauplia
SPO-PEOD-DCM-0-8-5-00_bin-54,#CDCBCC,Eukaryota;-;-;-
IO-all-SRF-0-8-5-00_bin-446,#CDCBCC,Eukaryota;-;-;-
NAO-all-SRF-0-8-5-00_bin-76,#EB9E7A,Eukaryota;Hacrobia;Haptophyta;Prymnesiophyceae
NAO-all-SRF-20-180-00_bin-44,#481358,Eukaryota;Metazoa;Arthropoda;-
IO-all-SRF-0-8-5-00_bin-298,#6EAA93,Eukaryota;SAR
SPO-SPSG-SRF-0-8-5-00_bin-663,#EB9E7A,Eukaryota;Hacrobia;Haptophyta;Prymnesiophyceae
NAO-all-SRF-180-2000-00_bin-87,#2F0D3B,Eukaryota;Metazoa;-;-
NAO-all-MIX-0-8-5-00_bin-117,#CDCBCC,Eukaryota;-;-;-
NPO-all-SRF-20-180-00_bin-76,#D4EC83,Eukaryota;Archaeplastida;Chlorophyta;Chloropicophyceae
MS-all-SRF-5-20-00_bin-24,#481358,Eukaryota;Metazoa;Arthropoda;-
SPO-SPSG-DCM-5-20-00_bin-33,#D4EC83,Eukaryota;Archaeplastida;Chlorophyta;Chloropicophyceae
IO-all-SRF-20-180-00_bin-30,#481358,Eukaryota;Metazoa;Arthropoda;Hexanauplia
NPO-all-SRF-5-20-00_bin-46,#481358,Eukaryota;Metazoa;Arthropoda;Hexanauplia
MS-all-DCM-20-180-00_bin-72,#481358,Eukaryota;Metazoa;Arthropoda;Hexanauplia
SPO-all-DCM-0-8-5-00_bin-566,#DFF2A6,Eukaryota;Archaeplastida;Chlorophyta;-
SPO-SPSG-SRF-0-8-5-00_bin-104,#6EAA93,Eukaryota;SAR
SAO-all-DCM-0-8-5-00_bin-516,#BAAB1C,Eukaryota;Hacrobia;Cryptophyta;Cryptophyceae
SAO-all-DCM-0-8-5-00_bin-388,#6EAA93,Eukaryota;SAR
SPO-SPSG-SRF-0-8-5-00_bin-642,#6EAA93,Eukaryota;SAR
SAO-all-SRF-0-8-5-00_bin-111,#31C4AB,Eukaryota;Stramenopiles;Ochrophyta;Dictyochophyceae
NPO-all-DCM-0-8-5-00_bin-411,#A2D520,Eukaryota;Archaeplastida;Chlorophyta;Mamiellophyceae
SPO-SPSG-DCM-5-20-00_bin-1,#D4EC83,Eukaryota;Archaeplastida;Chlorophyta;Chloropicophyceae
IO-all-SRF-0-8-5-00_bin-174,#1EAEA0,Eukaryota;Stramenopiles;Ochrophyta;Chrysophyceae
NAO-all-SRF-20-180-00_bin-19,#481358,Eukaryota;Metazoa;Arthropoda;Hexanauplia
NAO-all-MES-0-8-5-00_bin-268,#821C4A,Eukaryota;Opisthokonta;Fungi;Ascomycota
SAO-all-DCM-0-8-5-00_bin-587,#6EAA93,Eukaryota;SAR
SPO-SPSG-SRF-180-2000-00_bin-82,#A2D520,Eukaryota;Archaeplastida;Chlorophyta;Mamiellophyceae
NAO-all-MIX-0-8-5-00_bin-170,#6EAA93,Eukaryota;SAR
SPO-SPSG-SRF-0-8-5-00_bin-151,#D4EC83,Eukaryota;Archaeplastida;Chlorophyta;Chloropicophyceae
SPO-all-SRF-20-180-00_bin-214,#481358,Eukaryota;Metazoa;Arthropoda;-
RS-all-SRF-0-8-5-00_bin-55,#95A919,Eukaryota;Archaeplastida;Chlorophyta;Prasino-Clade-V
SPO-all-SRF-180-2000-00_bin-303,#481358,Eukaryota;Metazoa;Arthropoda;Hexanauplia
SAO-all-DCM-0-8-5-00_bin-200,#1D8C8A,Eukaryota;Stramenopiles;Ochrophyta;Bacillariophyta
SPO-all-SRF-5-20-00_bin-111,#DFF2A6,Eukaryota;Archaeplastida;Chlorophyta;-
SPO-SPSG-SRF-0-8-5-00_bin-581,#EB9E7A,Eukaryota;Hacrobia;Haptophyta;Prymnesiophyceae
SPO-CHIL-MES-0-8-5-00_bin-22,#821C4A,Eukaryota;Opisthokonta;Fungi;Ascomycota
NAO-all-MIX-0-8-5-00_bin-124,#BAAB1C,Eukaryota;Hacrobia;Cryptophyta;Cryptophyceae
NAO-all-SRF-0-8-5-00_bin-334,#D4EC83,Eukaryota;Archaeplastida;Chlorophyta;Chloropicophyceae
NAO-all-SRF-0-8-5-00_bin-683,#6EAA93,Eukaryota;SAR
SPO-SPSG-SRF-180-2000-00_bin-131,#481358,Eukaryota;Metazoa;Arthropoda;Hexanauplia
MS-all-SRF-180-2000-00_bin-27,#481358,Eukaryota;Metazoa;Arthropoda;Hexanauplia
SPO-all-DCM-0-8-5-00_bin-138,#D4EC83,Eukaryota;Archaeplastida;Chlorophyta;Chloropicophyceae
SPO-all-SRF-180-2000-00_bin-151,#2F0D3B,Eukaryota;Metazoa;-;-
SPO-all-DCM-0-8-5-00_bin-127,#A2D520,Eukaryota;Archaeplastida;Chlorophyta;Mamiellophyceae
SPO-SPSG-DCM-0-8-5-00_bin-150,#D4EC83,Eukaryota;Archaeplastida;Chlorophyta;Chloropicophyceae
MS-all-SRF-0-8-5-00_bin-426,#1EAEA0,Eukaryota;Stramenopiles;Ochrophyta;Chrysophyceae
SPO-all-DCM-0-8-5-00_bin-542,#19A39A,Eukaryota;Stramenopiles;Ochrophyta;Bolidophyceae
NPO-all-SRF-0-8-5-00_bin-32,#CDCBCC,Eukaryota;-;-;-
SO-all-DCM-0-8-5-00_bin-49,#6EAA93,Eukaryota;SAR
SAO-all-SRF-20-180-00_bin-40,#481358,Eukaryota;Metazoa;Arthropoda;-
NPO-all-SRF-20-180-00_bin-1,#481358,Eukaryota;Metazoa;Arthropoda;Hexanauplia
SPO-all-SRF-5-20-00_bin-13,#D4EC83,Eukaryota;Archaeplastida;Chlorophyta;Chloropicophyceae
SPO-all-SRF-0-8-5-00_bin-849,#CDCBCC,Eukaryota;-;-;-
SAO-all-DCM-0-8-5-00_bin-343,#A2D520,Eukaryota;Archaeplastida;Chlorophyta;Mamiellophyceae
SPO-all-DCM-0-8-5-00_bin-501,#6EAA93,Eukaryota;SAR
MS-all-SRF-0-8-5-00_bin-250,#31C4AB,Eukaryota;Stramenopiles;Ochrophyta;Dictyochophyceae
SPO-all-SRF-0-8-5-00_bin-502,#D4EC83,Eukaryota;Archaeplastida;Chlorophyta;Chloropicophyceae
SPO-all-SRF-20-180-00_bin-243,#481358,Eukaryota;Metazoa;Arthropoda;-
SPO-all-SRF-0-8-5-00_bin-716,#6EAA93,Eukaryota;SAR
NPO-all-SRF-0-8-5-00_bin-105,#7DB61B,Eukaryota;Archaeplastida;Chlorophyta;Palmophyllophyceae
SO-all-SRF-0-8-5-00_bin-39,#A2D520,Eukaryota;Archaeplastida;Chlorophyta;Mamiellophyceae
SAO-all-DCM-0-8-5-00_bin-536,#7DB61B,Eukaryota;Archaeplastida;Chlorophyta;Palmophyllophyceae
NAO-all-MIX-0-8-5-00_bin-132,#6EAA93,Eukaryota;SAR
SAO-all-SRF-20-180-00_bin-71,#481358,Eukaryota;Metazoa;Arthropoda;Hexanauplia
NAO-all-SRF-0-8-5-00_bin-528,#A2D520,Eukaryota;Archaeplastida;Chlorophyta;Mamiellophyceae
IO-all-SRF-0-8-5-00_bin-579,#EB9E7A,Eukaryota;Hacrobia;Haptophyta;Prymnesiophyceae
MS-all-SRF-5-20-00_bin-96,#481358,Eukaryota;Metazoa;Arthropoda;Hexanauplia
NAO-all-MIX-0-8-5-00_bin-163,#7DB61B,Eukaryota;Archaeplastida;Chlorophyta;Palmophyllophyceae
NAO-all-SRF-0-8-5-00_bin-380,#6EAA93,Eukaryota;SAR
SPO-SPSG-SRF-0-8-5-00_bin-427,#CDCBCC,Eukaryota;-;-;-
MS-all-DCM-180-2000-00_bin-45,#481358,Eukaryota;Metazoa;Arthropoda;Branchiopoda
MS-all-SRF-0-8-5-00_bin-125,#D4EC83,Eukaryota;Archaeplastida;Chlorophyta;Chloropicophyceae
SAO-all-SRF-0-8-5-00_bin-414,#6EAA93,Eukaryota;SAR
SAO-all-DCM-0-8-5-00_bin-409,#A2D520,Eukaryota;Archaeplastida;Chlorophyta;Mamiellophyceae
IO-all-DCM-0-8-5-00_bin-306,#A2D520,Eukaryota;Archaeplastida;Chlorophyta;Mamiellophyceae
SAO-all-SRF-0-8-5-00_bin-506,#A2D520,Eukaryota;Archaeplastida;Chlorophyta;Mamiellophyceae
SAO-all-SRF-0-8-5-00_bin-546,#95A919,Eukaryota;Archaeplastida;Chlorophyta;Prasino-Clade-V
NAO-all-MIX-0-8-5-00_bin-276,#CDCBCC,Eukaryota;-;-;-
IO-all-SRF-0-8-5-00_bin-402,#6EAA93,Eukaryota;SAR
NPO-all-DCM-0-8-5-00_bin-298,#DFF2A6,Eukaryota;Archaeplastida;Chlorophyta;-
SPO-all-SRF-0-8-5-00_bin-633,#DFF2A6,Eukaryota;Archaeplastida;Chlorophyta;-
SPO-all-SRF-0-8-5-00_bin-867,#A2D520,Eukaryota;Archaeplastida;Chlorophyta;Mamiellophyceae
NAO-all-DCM-0-8-5-00_bin-131,#A2D520,Eukaryota;Archaeplastida;Chlorophyta;Mamiellophyceae
MS-all-SRF-5-20-00_bin-9,#481358,Eukaryota;Metazoa;Arthropoda;-
SPO-SPSG-SRF-180-2000-00_bin-96,#481358,Eukaryota;Metazoa;Arthropoda;-
SAO-all-DCM-0-8-5-00_bin-43,#DFF2A6,Eukaryota;Archaeplastida;Chlorophyta;-
SO-all-SRF-0-8-5-00_bin-97,#CDCBCC,Eukaryota;-;-;-
IO-all-SRF-20-180-00_bin-73,#481358,Eukaryota;Metazoa;Arthropoda;-
IO-all-SRF-0-8-5-00_bin-529,#A2D520,Eukaryota;Archaeplastida;Chlorophyta;Mamiellophyceae
SAO-all-DCM-0-8-5-00_bin-564,#A2D520,Eukaryota;Archaeplastida;Chlorophyta;Mamiellophyceae
MS-all-SRF-0-8-5-00_bin-251,#1EAEA0,Eukaryota;Stramenopiles;Ochrophyta;Chrysophyceae
SPO-all-SRF-180-2000-00_bin-49,#481358,Eukaryota;Metazoa;Arthropoda;Branchiopoda
SPO-SPSG-DCM-0-8-5-00_bin-88,#D4EC83,Eukaryota;Archaeplastida;Chlorophyta;Chloropicophyceae
IO-all-SRF-180-2000-00_bin-21,#481358,Eukaryota;Metazoa;Arthropoda;Hexanauplia
SPO-all-SRF-20-180-00_bin-110,#481358,Eukaryota;Metazoa;Arthropoda;Hexanauplia
SPO-SPSG-SRF-180-2000-00_bin-113,#61186D,Eukaryota;Metazoa;Cnidaria;Anthozoa
SPO-all-SRF-0-8-5-00_bin-449,#CDCBCC,Eukaryota;-;-;-
SAO-all-DCM-0-8-5-00_bin-62,#DFF2A6,Eukaryota;Archaeplastida;Chlorophyta;Pyramimonadales
IO-all-SRF-0-8-5-00_bin-80,#31C4AB,Eukaryota;Stramenopiles;Ochrophyta;Dictyochophyceae
SPO-all-SRF-5-20-00_bin-55,#D4EC83,Eukaryota;Archaeplastida;Chlorophyta;Chloropicophyceae
MS-all-SRF-20-180-00_bin-4,#481358,Eukaryota;Metazoa;Arthropoda;Hexanauplia
IO-all-MES-0-8-5-00_bin-188,#821C4A,Eukaryota;Opisthokonta;Fungi;Ascomycota
SPO-all-SRF-180-2000-00_bin-28,#A2D520,Eukaryota;Archaeplastida;Chlorophyta;Mamiellophyceae
NPO-all-MES-0-8-5-00_bin-163,#821C4A,Eukaryota;Opisthokonta;Fungi;Ascomycota
NAO-all-SRF-0-8-5-00_bin-230,#1D8C8A,Eukaryota;Stramenopiles;Ochrophyta;Bacillariophyta
SAO-all-SRF-0-8-5-00_bin-212,#A2D520,Eukaryota;Archaeplastida;Chlorophyta;Mamiellophyceae
SPO-SPSG-DCM-5-20-00_bin-40,#D4EC83,Eukaryota;Archaeplastida;Chlorophyta;Chloropicophyceae
SO-all-SRF-0-8-5-00_bin-112,#CDCBCC,Eukaryota;-;-;-
IO-all-DCM-0-8-5-00_bin-230,#6EAA93,Eukaryota;SAR
SAO-all-SRF-20-180-00_bin-46,#EB9E7A,Eukaryota;Hacrobia;Haptophyta;Prymnesiophyceae
MS-all-SRF-20-180-00_bin-24,#481358,Eukaryota;Metazoa;Arthropoda;-
MS-all-SRF-0-8-5-00_bin-123,#A2D520,Eukaryota;Archaeplastida;Chlorophyta;Mamiellophyceae
MS-all-SRF-180-2000-00_bin-83,#2F0D3B,Eukaryota;Metazoa;-;-
IO-all-SRF-0-8-5-00_bin-325,#1EAEA0,Eukaryota;Stramenopiles;Ochrophyta;Chrysophyceae
SPO-CHIL-DCM-20-180-00_bin-3,#481358,Eukaryota;Metazoa;Arthropoda;-
RS-all-SRF-20-180-00_bin-8,#481358,Eukaryota;Metazoa;Arthropoda;-
SPO-SPSG-SRF-20-180-00_bin-80,#481358,Eukaryota;Metazoa;Arthropoda;Hexanauplia
SAO-all-SRF-0-8-5-00_bin-26,#1EAEA0,Eukaryota;Stramenopiles;Ochrophyta;Chrysophyceae
SPO-SPSG-MES-0-8-5-00_bin-179,#821C4A,Eukaryota;Opisthokonta;Fungi;Ascomycota
SAO-all-DCM-0-8-5-00_bin-428,#1EAEA0,Eukaryota;Stramenopiles;Ochrophyta;Chrysophyceae
SPO-SPSG-SRF-0-8-5-00_bin-658,#BAAB1C,Eukaryota;Hacrobia;Cryptophyta;Cryptophyceae
SPO-SPSG-SRF-0-8-5-00_bin-277,#D4EC83,Eukaryota;Archaeplastida;Chlorophyta;Chloropicophyceae
NAO-all-DCM-0-8-5-00_bin-77,#821C4A,Eukaryota;Opisthokonta;Fungi;Ascomycota
SAO-all-DCM-0-8-5-00_bin-2,#A2D520,Eukaryota;Archaeplastida;Chlorophyta;Mamiellophyceae
SPO-CHIL-DCM-0-8-5-00_bin-46,#A2D520,Eukaryota;Archaeplastida;Chlorophyta;Mamiellophyceae
IO-all-SRF-0-8-5-00_bin-89,#DFF2A6,Eukaryota;Archaeplastida;Chlorophyta;-
